date,platform,mentions
2024-04-06,Instagram,779
2024-02-29,Instagram,691
2024-03-13,LinkedIn,247
2024-04-07,LinkedIn,542
2024-01-03,Facebook,813
2024-01-14,Twitter,131
2024-01-17,Twitter,939
2024-04-01,Facebook,895
2024-01-15,Facebook,536
2024-01-20,TikTok,474
2024-02-20,LinkedIn,698
2024-03-04,Facebook,532
2024-01-19,Instagram,617
2024-03-19,Facebook,359
2024-01-18,Instagram,634
2024-02-28,TikTok,515
2024-01-25,TikTok,626
2024-04-08,Instagram,97
2024-03-27,Twitter,670
2024-02-06,Twitter,459
2024-02-14,LinkedIn,751
2024-01-08,TikTok,401
2024-01-21,TikTok,405
2024-02-02,LinkedIn,882
2024-01-22,Twitter,277
2024-03-01,Instagram,386
2024-04-09,Instagram,890
2024-01-16,Twitter,302
2024-04-02,Instagram,817
2024-02-03,Instagram,317
2024-03-16,Instagram,955
2024-04-10,LinkedIn,466
2024-01-30,TikTok,569
2024-01-23,Instagram,217
2024-01-31,Twitter,733
2024-03-02,Twitter,643
2024-03-23,TikTok,849
2024-01-10,Instagram,751
2024-02-07,Twitter,912
2024-03-26,Instagram,975
2024-02-16,Twitter,195
2024-01-13,Facebook,430
2024-01-11,LinkedIn,563
2024-03-03,LinkedIn,585
2024-02-09,Facebook,477
2024-03-29,Facebook,305
2024-03-20,Facebook,570
2024-02-26,Facebook,131
2024-02-04,Twitter,411
2024-02-27,LinkedIn,923
2024-03-24,Instagram,109
2024-02-12,Facebook,378
2024-04-04,LinkedIn,732
2024-01-24,TikTok,330
2024-02-17,TikTok,575
2024-03-21,Instagram,739
2024-03-09,Facebook,760
2024-02-18,Twitter,91
2024-02-01,Facebook,718
2024-02-05,Instagram,683
2024-02-23,Twitter,461
2024-03-05,Facebook,592
2024-04-11,Twitter,579
2024-03-08,Facebook,467
2024-01-26,Instagram,649
2024-03-22,LinkedIn,114
2024-04-12,Facebook,740
2024-03-18,LinkedIn,954
2024-02-08,LinkedIn,709
2024-03-25,LinkedIn,632
2024-01-27,Twitter,599
2024-03-10,LinkedIn,944
2024-01-12,Twitter,619
2024-01-28,Facebook,814
2024-03-28,TikTok,266
2024-03-30,Facebook,516
2024-04-13,LinkedIn,79
2024-03-06,Facebook,539
2024-02-10,Facebook,168
2024-03-07,Facebook,166
2024-03-14,LinkedIn,239
2024-03-15,TikTok,235
2024-01-04,LinkedIn,538
2024-02-11,Instagram,117
2024-01-01,TikTok,445
2024-01-05,Facebook,173
2024-02-19,Twitter,761
2024-02-13,Twitter,600
2024-03-11,TikTok,545
2024-03-31,Twitter,955
2024-04-05,Facebook,393
2024-02-15,Instagram,818
2024-01-02,LinkedIn,379
2024-01-07,TikTok,917
2024-03-12,Facebook,812
2024-04-14,LinkedIn,865
2024-02-21,Facebook,963
2024-04-03,Instagram,510
2024-02-22,Facebook,843
2024-01-29,LinkedIn,704
2024-01-06,Instagram,427
2024-01-09,TikTok,864
2024-02-24,TikTok,773
2024-02-25,LinkedIn,558
2024-03-17,TikTok,249
2024-04-15,Instagram,234
2024-04-16,Facebook,921
2024-04-17,Facebook,262
2024-04-18,Twitter,607
2024-04-19,LinkedIn,864
2024-04-20,LinkedIn,350
2024-04-21,Instagram,909
2024-04-22,TikTok,143
2024-04-23,Twitter,580
2024-04-24,Twitter,777
2024-04-25,Facebook,572
2024-04-26,Instagram,399
2024-04-27,Instagram,158
2024-04-28,Facebook,705
2024-04-29,TikTok,791
2024-04-30,TikTok,340
2024-05-01,Facebook,948
2024-05-02,Twitter,405
2024-05-03,LinkedIn,841
2024-05-04,Facebook,303
2024-05-05,Instagram,864
2024-05-06,Twitter,936
2024-05-07,LinkedIn,823
2024-05-08,Facebook,243
2024-05-09,LinkedIn,475
2024-05-10,Instagram,288
2024-05-11,TikTok,739
2024-05-12,Twitter,880
2024-05-13,Twitter,768
2024-05-14,Facebook,714
2024-05-15,Instagram,401
2024-05-16,LinkedIn,70
2024-05-17,Instagram,423
2024-05-18,Instagram,694
2024-05-19,Instagram,783
2024-05-20,Facebook,103
2024-05-21,Facebook,303
2024-05-22,Twitter,183
2024-05-23,LinkedIn,67
2024-05-24,Twitter,276
2024-05-25,Facebook,408
2024-05-26,LinkedIn,822
2024-05-27,LinkedIn,633
2024-05-28,TikTok,961
2024-05-29,Instagram,660
2024-05-30,LinkedIn,394
2024-05-31,TikTok,172
2024-06-01,Twitter,365
2024-06-02,Twitter,966
2024-06-03,TikTok,89
2024-06-04,Instagram,304
2024-06-05,LinkedIn,366
2024-06-06,Facebook,434
2024-06-07,TikTok,60
2024-06-08,Facebook,995
2024-06-09,Twitter,122
2024-06-10,Twitter,760
2024-06-11,LinkedIn,316
2024-06-12,TikTok,442
2024-06-13,Twitter,269
2024-06-14,Instagram,167
2024-06-15,LinkedIn,404
2024-06-16,TikTok,807
2024-06-17,Twitter,578
2024-06-18,LinkedIn,666
2024-06-19,Facebook,260
2024-06-20,Instagram,921
2024-06-21,Facebook,867
2024-06-22,Facebook,151
2024-06-23,TikTok,683
2024-06-24,LinkedIn,993
2024-06-25,Twitter,326
2024-06-26,Instagram,818
2024-06-27,LinkedIn,172
2024-06-28,TikTok,892
2024-06-29,Facebook,148
2024-06-30,Facebook,644
2024-07-01,LinkedIn,955
2024-07-02,LinkedIn,856
2024-07-03,TikTok,265
2024-07-04,Twitter,393
2024-07-05,Instagram,316
2024-07-06,Instagram,504
2024-07-07,LinkedIn,840
2024-07-08,TikTok,634
2024-07-09,Twitter,506
2024-07-10,Instagram,785
2024-07-11,Facebook,751
2024-07-12,LinkedIn,773
2024-07-13,Facebook,605
2024-07-14,Twitter,777
2024-07-15,Twitter,490
2024-07-16,LinkedIn,789
2024-07-17,Twitter,980
2024-07-18,LinkedIn,65
2024-07-19,Facebook,140
2024-07-20,LinkedIn,870
2024-07-21,Facebook,325
2024-07-22,TikTok,679
2024-07-23,Twitter,389
2024-07-24,TikTok,65
2024-07-25,LinkedIn,993
2024-07-26,Instagram,697
2024-07-27,Facebook,445
2024-07-28,LinkedIn,101
2024-07-29,Instagram,138
2024-07-30,Instagram,871
2024-07-31,Facebook,265
2024-08-01,TikTok,979
2024-08-02,Instagram,517
2024-08-03,TikTok,166
2024-08-04,Instagram,461
2024-08-05,Twitter,343
2024-08-06,LinkedIn,511
2024-08-07,Facebook,109
2024-08-08,Twitter,863
2024-08-09,LinkedIn,707
2024-08-10,Twitter,929
2024-08-11,Facebook,269
2024-08-12,Twitter,770
2024-08-13,Facebook,476
2024-08-14,Facebook,947
2024-08-15,Facebook,130
2024-08-16,TikTok,467
2024-08-17,Facebook,757
2024-08-18,TikTok,896
2024-08-19,LinkedIn,185
2024-08-20,Facebook,985
2024-08-21,Twitter,326
2024-08-22,LinkedIn,463
2024-08-23,Facebook,212
2024-08-24,Instagram,622
2024-08-25,TikTok,339
2024-08-26,Instagram,367
2024-08-27,LinkedIn,543
2024-08-28,LinkedIn,948
2024-08-29,TikTok,458
2024-08-30,Instagram,259
2024-08-31,Instagram,689
2024-09-01,TikTok,525
2024-09-02,TikTok,498
2024-09-03,Facebook,888
2024-09-04,Twitter,554
2024-09-05,Twitter,393
2024-09-06,Facebook,486
2024-09-07,LinkedIn,226
2024-09-08,LinkedIn,190
2024-09-09,Twitter,790
2024-09-10,Twitter,559
2024-09-11,Instagram,413
2024-09-12,Facebook,364
2024-09-13,LinkedIn,186
2024-09-14,LinkedIn,561
2024-09-15,Twitter,952
2024-09-16,Facebook,310
2024-09-17,Instagram,731
2024-09-18,TikTok,171
2024-09-19,Instagram,491
2024-09-20,LinkedIn,310
2024-09-21,Twitter,626
2024-09-22,LinkedIn,131
2024-09-23,LinkedIn,655
2024-09-24,TikTok,914
2024-09-25,LinkedIn,983
2024-09-26,Facebook,931
2024-09-27,TikTok,557
2024-09-28,LinkedIn,694
2024-09-29,Facebook,165
2024-09-30,LinkedIn,86
2024-10-01,Instagram,155
2024-10-02,Facebook,467
2024-10-03,TikTok,504
2024-10-04,Twitter,724
2024-10-05,LinkedIn,232
2024-10-06,Facebook,482
2024-10-07,LinkedIn,115
2024-10-08,TikTok,696
2024-10-09,TikTok,921
2024-10-10,TikTok,218
2024-10-11,Facebook,995
2024-10-12,Instagram,710
2024-10-13,Instagram,154
2024-10-14,Twitter,271
2024-10-15,TikTok,941
2024-10-16,LinkedIn,718
2024-10-17,Facebook,173
2024-10-18,LinkedIn,702
2024-10-19,Instagram,613
2024-10-20,Facebook,606
2024-10-21,TikTok,202
2024-10-22,Facebook,729
2024-10-23,TikTok,985
2024-10-24,Instagram,360
2024-10-25,LinkedIn,219
2024-10-26,Twitter,839
2024-10-27,Instagram,252
2024-10-28,Twitter,234
2024-10-29,TikTok,725
2024-10-30,LinkedIn,717
2024-10-31,Instagram,825
2024-11-01,TikTok,873
2024-11-02,LinkedIn,882
2024-11-03,LinkedIn,738
2024-11-04,TikTok,720
2024-11-05,LinkedIn,550
2024-11-06,Facebook,636
2024-11-07,Facebook,170
2024-11-08,LinkedIn,673
2024-11-09,Facebook,291
2024-11-10,Instagram,609
2024-11-11,LinkedIn,75
2024-11-12,LinkedIn,971
2024-11-13,TikTok,230
2024-11-14,TikTok,249
2024-11-15,Twitter,195
2024-11-16,Twitter,799
2024-11-17,Instagram,365
2024-11-18,Instagram,912
2024-11-19,TikTok,695
2024-11-20,TikTok,75
2024-11-21,Instagram,148
2024-11-22,Twitter,531
2024-11-23,TikTok,958
2024-11-24,Facebook,288
2024-11-25,TikTok,409
2024-11-26,Facebook,96
2024-11-27,LinkedIn,584
2024-11-28,TikTok,697
2024-11-29,TikTok,420
2024-11-30,Twitter,567
2024-12-01,TikTok,227
2024-12-02,Twitter,711
2024-12-03,LinkedIn,983
2024-12-04,Twitter,853
2024-12-05,Twitter,283
2024-12-06,Instagram,915
2024-12-07,Instagram,99
2024-12-08,TikTok,759
2024-12-09,Twitter,338
2024-12-10,TikTok,267
2024-12-11,LinkedIn,227
2024-12-12,LinkedIn,902
2024-12-13,Facebook,626
2024-12-14,Twitter,501
2024-12-15,Facebook,814
2024-12-16,TikTok,500
2024-12-17,TikTok,319
2024-12-18,Instagram,472
2024-12-19,TikTok,676
2024-12-20,TikTok,754
2024-12-21,TikTok,269
2024-12-22,TikTok,262
2024-12-23,Instagram,326
2024-12-24,Instagram,260
2024-12-25,LinkedIn,389
2024-12-26,Twitter,547
2024-12-27,Instagram,865
2024-12-28,TikTok,603
2024-12-29,Facebook,514
2024-12-30,LinkedIn,332
2024-12-31,Facebook,483
2025-01-01,Twitter,338
2025-01-02,Instagram,109
2025-01-03,Twitter,268
2025-01-04,Twitter,471
2025-01-05,Twitter,621
2025-01-06,LinkedIn,563
2025-01-07,LinkedIn,632
2025-01-08,Instagram,992
2025-01-09,LinkedIn,226
2025-01-10,LinkedIn,388
2025-01-11,Instagram,854
2025-01-12,Twitter,822
2025-01-13,Facebook,626
2025-01-14,Twitter,521
2025-01-15,Twitter,966
2025-01-16,LinkedIn,532
2025-01-17,LinkedIn,305
2025-01-18,Facebook,922
2025-01-19,TikTok,353
2025-01-20,Facebook,798
2025-01-21,Facebook,597
2025-01-22,Facebook,665
2025-01-23,Instagram,965
2025-01-24,Facebook,493
2025-01-25,TikTok,172
2025-01-26,LinkedIn,583
2025-01-27,Twitter,56
2025-01-28,Twitter,800
2025-01-29,Twitter,280
2025-01-30,Twitter,512
2025-01-31,TikTok,359
2025-02-01,Twitter,721
2025-02-02,Instagram,505
2025-02-03,TikTok,579
2025-02-04,Twitter,110
2025-02-05,LinkedIn,298
2025-02-06,Twitter,654
2025-02-07,LinkedIn,297
2025-02-08,Facebook,381
2025-02-09,TikTok,647
2025-02-10,TikTok,510
2025-02-11,Facebook,851
2025-02-12,LinkedIn,637
2025-02-13,LinkedIn,154
2025-02-14,LinkedIn,380
2025-02-15,TikTok,60
2025-02-16,TikTok,872
2025-02-17,TikTok,380
2025-02-18,Twitter,291
2025-02-19,Twitter,493
2025-02-20,Instagram,148
2025-02-21,Twitter,228
2025-02-22,Instagram,997
2025-02-23,LinkedIn,595
2025-02-24,Twitter,687
2025-02-25,Instagram,567
2025-02-26,LinkedIn,787
2025-02-27,Instagram,730
2025-02-28,Instagram,927
2025-03-01,LinkedIn,930
2025-03-02,Twitter,638
2025-03-03,Twitter,519
2025-03-04,TikTok,389
2025-03-05,Twitter,84
2025-03-06,TikTok,542
2025-03-07,Twitter,749
2025-03-08,Instagram,924
2025-03-09,Facebook,721
2025-03-10,Twitter,734
2025-03-11,Twitter,454
2025-03-12,LinkedIn,584
2025-03-13,Facebook,867
2025-03-14,Facebook,422
2025-03-15,Twitter,405
2025-03-16,TikTok,226
2025-03-17,TikTok,152
2025-03-18,TikTok,581
2025-03-19,LinkedIn,230
2025-03-20,Twitter,80
2025-03-21,LinkedIn,445
2025-03-22,TikTok,452
2025-03-23,Facebook,253
2025-03-24,Twitter,359
2025-03-25,TikTok,878
2025-03-26,TikTok,209
2025-03-27,Twitter,929
2025-03-28,TikTok,636
2025-03-29,Twitter,542
2025-03-30,LinkedIn,514
2025-03-31,LinkedIn,498
2025-04-01,TikTok,71
2025-04-02,Instagram,797
2025-04-03,Facebook,182
2025-04-04,LinkedIn,153
2025-04-05,Instagram,765
2025-04-06,Twitter,993
2025-04-07,Twitter,689
2025-04-08,Facebook,717
2025-04-09,TikTok,595
2025-04-10,TikTok,348
2025-04-11,Twitter,980
2025-04-12,TikTok,361
2025-04-13,TikTok,214
2025-04-14,TikTok,80
2025-04-15,TikTok,735
2025-04-16,Facebook,685
2025-04-17,Facebook,748
2025-04-18,Instagram,498
2025-04-19,Instagram,336
2025-04-20,Twitter,293
2025-04-21,Twitter,925
2025-04-22,LinkedIn,901
2025-04-23,Facebook,783
2025-04-24,Instagram,473
2025-04-25,LinkedIn,794
2025-04-26,Twitter,80
2025-04-27,LinkedIn,527
2025-04-28,Facebook,830
2025-04-29,Twitter,221
2025-04-30,LinkedIn,261
2025-05-01,Instagram,166
2025-05-02,TikTok,741
2025-05-03,TikTok,855
2025-05-04,Instagram,540
2025-05-05,LinkedIn,531
2025-05-06,Instagram,354
2025-05-07,Facebook,636
2025-05-08,Instagram,728
2025-05-09,Twitter,672
2025-05-10,Facebook,253
2025-05-11,TikTok,678
2025-05-12,TikTok,222
2025-05-13,Twitter,867
2025-05-14,Facebook,276
2025-05-15,Facebook,438
2025-05-16,Facebook,312
2025-05-17,Facebook,805
2025-05-18,Facebook,209
2025-05-19,Facebook,571
2025-05-20,Instagram,793
2025-05-21,LinkedIn,235
2025-05-22,Facebook,89
2025-05-23,Twitter,720
2025-05-24,Facebook,811
2025-05-25,Twitter,514
2025-05-26,Instagram,737
2025-05-27,TikTok,538
2025-05-28,Twitter,699
2025-05-29,LinkedIn,452
2025-05-30,Facebook,471
2025-05-31,Facebook,137
2025-06-01,Instagram,225
2025-06-02,Facebook,275
2025-06-03,Instagram,290
2025-06-04,Facebook,666
2025-06-05,TikTok,135
2025-06-06,Facebook,345
2025-06-07,Instagram,702
2025-06-08,LinkedIn,414
2025-06-09,Facebook,557
2025-06-10,LinkedIn,316
2025-06-11,TikTok,861
2025-06-12,TikTok,490
2025-06-13,TikTok,608
2025-06-14,TikTok,836
2025-06-15,Twitter,682
2025-06-16,TikTok,877
2025-06-17,Instagram,608
2025-06-18,TikTok,534
2025-06-19,Instagram,660
2025-06-20,TikTok,756
2025-06-21,Twitter,107
2025-06-22,Twitter,374
2025-06-23,TikTok,562
2025-06-24,LinkedIn,586
2025-06-25,LinkedIn,648
2025-06-26,LinkedIn,126
2025-06-27,LinkedIn,797
2025-06-28,Facebook,775
2025-06-29,TikTok,578
2025-06-30,TikTok,705
2025-07-01,Twitter,826
2025-07-02,Facebook,457
2025-07-03,TikTok,832
2025-07-04,Instagram,768
2025-07-05,TikTok,725
2025-07-06,Instagram,978
2025-07-07,Facebook,628
2025-07-08,Twitter,433
2025-07-09,LinkedIn,750
2025-07-10,Facebook,690
2025-07-11,Facebook,934
2025-07-12,Instagram,233
2025-07-13,LinkedIn,152
2025-07-14,LinkedIn,350
2025-07-15,Twitter,852
2025-07-16,LinkedIn,964
2025-07-17,Twitter,600
2025-07-18,Facebook,664
2025-07-19,LinkedIn,716
2025-07-20,Instagram,173
2025-07-21,Facebook,147
2025-07-22,LinkedIn,569
2025-07-23,Instagram,652
2025-07-24,Facebook,823
2025-07-25,Facebook,863
2025-07-26,Twitter,856
2025-07-27,TikTok,231
2025-07-28,Facebook,67
2025-07-29,Facebook,192
2025-07-30,Twitter,423
2025-07-31,Twitter,409
2025-08-01,TikTok,154
2025-08-02,LinkedIn,236
2025-08-03,Instagram,348
2025-08-04,Instagram,369
2025-08-05,TikTok,731
2025-08-06,LinkedIn,276
2025-08-07,TikTok,703
2025-08-08,LinkedIn,520
2025-08-09,LinkedIn,607
2025-08-10,Instagram,860
2025-08-11,TikTok,648
2025-08-12,LinkedIn,118
2025-08-13,TikTok,732
2025-08-14,Instagram,430
2025-08-15,TikTok,750
2025-08-16,TikTok,698
2025-08-17,TikTok,473
2025-08-18,Twitter,661
2025-08-19,Instagram,508
2025-08-20,TikTok,944
2025-08-21,Instagram,810
2025-08-22,TikTok,235
2025-08-23,Twitter,527
2025-08-24,LinkedIn,891
2025-08-25,Facebook,190
2025-08-26,Facebook,70
2025-08-27,Instagram,200
2025-08-28,TikTok,712
2025-08-29,LinkedIn,299
2025-08-30,Facebook,506
2025-08-31,Twitter,463
2025-09-01,LinkedIn,938
2025-09-02,TikTok,388
2025-09-03,Twitter,667
2025-09-04,Facebook,889
2025-09-05,Instagram,883
2025-09-06,Twitter,408
2025-09-07,Facebook,801
2025-09-08,Facebook,588
2025-09-09,TikTok,195
2025-09-10,LinkedIn,73
2025-09-11,Instagram,640
2025-09-12,Twitter,669
2025-09-13,LinkedIn,93
2025-09-14,Instagram,545
2025-09-15,Twitter,834
2025-09-16,TikTok,859
2025-09-17,Facebook,854
2025-09-18,Facebook,619
2025-09-19,Twitter,543
2025-09-20,Instagram,360
2025-09-21,Instagram,651
2025-09-22,LinkedIn,674
2025-09-23,Instagram,246
2025-09-24,TikTok,241
2025-09-25,Facebook,150
2025-09-26,Twitter,778
2025-09-27,Twitter,545
2025-09-28,Twitter,676
2025-09-29,LinkedIn,189
2025-09-30,Facebook,784
2025-10-01,Twitter,192
2025-10-02,TikTok,756
2025-10-03,Instagram,917
2025-10-04,Instagram,515
2025-10-05,Twitter,825
2025-10-06,TikTok,803
2025-10-07,LinkedIn,935
2025-10-08,Instagram,888
2025-10-09,TikTok,933
2025-10-10,LinkedIn,945
2025-10-11,Facebook,223
2025-10-12,Instagram,526
2025-10-13,TikTok,965
2025-10-14,Instagram,286
2025-10-15,TikTok,659
2025-10-16,Twitter,827
2025-10-17,Twitter,135
2025-10-18,Instagram,847
2025-10-19,TikTok,880
2025-10-20,TikTok,576
2025-10-21,TikTok,862
2025-10-22,Twitter,591
2025-10-23,Facebook,954
2025-10-24,Twitter,792
2025-10-25,Facebook,219
2025-10-26,LinkedIn,510
2025-10-27,Facebook,273
2025-10-28,LinkedIn,265
2025-10-29,Instagram,107
2025-10-30,LinkedIn,701
2025-10-31,Instagram,973
2025-11-01,Instagram,352
2025-11-02,Instagram,477
2025-11-03,TikTok,876
2025-11-04,Twitter,499
2025-11-05,Twitter,385
2025-11-06,Facebook,598
2025-11-07,Twitter,279
2025-11-08,TikTok,569
2025-11-09,LinkedIn,997
2025-11-10,LinkedIn,587
2025-11-11,LinkedIn,701
2025-11-12,LinkedIn,682
2025-11-13,Facebook,276
2025-11-14,Instagram,320
2025-11-15,TikTok,920
2025-11-16,TikTok,867
2025-11-17,Instagram,722
2025-11-18,Twitter,482
2025-11-19,Facebook,326
2025-11-20,TikTok,467
2025-11-21,Facebook,342
2025-11-22,TikTok,966
2025-11-23,LinkedIn,840
2025-11-24,LinkedIn,711
2025-11-25,Instagram,690
2025-11-26,TikTok,477
2025-11-27,TikTok,298
2025-11-28,LinkedIn,248
2025-11-29,Facebook,128
2025-11-30,Twitter,272
2025-12-01,Twitter,196
2025-12-02,Facebook,202
2025-12-03,LinkedIn,200
2025-12-04,Twitter,874
2025-12-05,Twitter,990
2025-12-06,Instagram,737
2025-12-07,Facebook,834
2025-12-08,LinkedIn,221
2025-12-09,Instagram,625
2025-12-10,TikTok,656
2025-12-11,Instagram,935
2025-12-12,Twitter,690
2025-12-13,Instagram,266
2025-12-14,Instagram,920
2025-12-15,Facebook,198
2025-12-16,LinkedIn,320
2025-12-17,LinkedIn,786
2025-12-18,LinkedIn,831
2025-12-19,TikTok,191
2025-12-20,LinkedIn,691
2025-12-21,LinkedIn,207
2025-12-22,TikTok,998
2025-12-23,Twitter,762
2025-12-24,Twitter,358
2025-12-25,Instagram,805
2025-12-26,TikTok,604
2025-12-27,Instagram,903
2025-12-28,Instagram,81
2025-12-29,Instagram,258
2025-12-30,TikTok,159
2025-12-31,TikTok,989
2026-01-01,LinkedIn,733
2026-01-02,Instagram,870
2026-01-03,Facebook,883
2026-01-04,Instagram,524
2026-01-05,LinkedIn,219
2026-01-06,LinkedIn,193
2026-01-07,Facebook,977
2026-01-08,Facebook,286
2026-01-09,TikTok,967
2026-01-10,LinkedIn,93
2026-01-11,Instagram,357
2026-01-12,Facebook,682
2026-01-13,TikTok,513
2026-01-14,Twitter,948
2026-01-15,Instagram,600
2026-01-16,Twitter,411
2026-01-17,Facebook,934
2026-01-18,LinkedIn,732
2026-01-19,LinkedIn,434
2026-01-20,Instagram,156
2026-01-21,LinkedIn,454
2026-01-22,LinkedIn,195
2026-01-23,Twitter,251
2026-01-24,Instagram,250
2026-01-25,Facebook,540
2026-01-26,TikTok,472
2026-01-27,LinkedIn,322
2026-01-28,LinkedIn,551
2026-01-29,TikTok,324
2026-01-30,Twitter,309
2026-01-31,LinkedIn,174
2026-02-01,Instagram,494
2026-02-02,Twitter,202
2026-02-03,Facebook,836
2026-02-04,TikTok,618
2026-02-05,Instagram,308
2026-02-06,Facebook,109
2026-02-07,Facebook,786
2026-02-08,Twitter,724
2026-02-09,Twitter,390
2026-02-10,Instagram,134
2026-02-11,Instagram,809
2026-02-12,Facebook,52
2026-02-13,LinkedIn,366
2026-02-14,LinkedIn,150
2026-02-15,TikTok,178
2026-02-16,Twitter,198
2026-02-17,LinkedIn,109
2026-02-18,Instagram,573
2026-02-19,Facebook,956
2026-02-20,TikTok,849
2026-02-21,Instagram,878
2026-02-22,Instagram,476
2026-02-23,LinkedIn,802
2026-02-24,Facebook,125
2026-02-25,Instagram,817
2026-02-26,TikTok,154
2026-02-27,TikTok,863
2026-02-28,LinkedIn,203
2026-03-01,LinkedIn,429
2026-03-02,TikTok,445
2026-03-03,Twitter,339
2026-03-04,TikTok,732
2026-03-05,Instagram,566
2026-03-06,Facebook,785
2026-03-07,LinkedIn,693
2026-03-08,Instagram,102
2026-03-09,Instagram,925
2026-03-10,Twitter,815
2026-03-11,LinkedIn,136
2026-03-12,Instagram,247
2026-03-13,Facebook,866
2026-03-14,Instagram,594
2026-03-15,TikTok,315
2026-03-16,Twitter,533
2026-03-17,Instagram,934
2026-03-18,TikTok,503
2026-03-19,LinkedIn,393
2026-03-20,Twitter,526
2026-03-21,LinkedIn,82
2026-03-22,Instagram,852
2026-03-23,LinkedIn,239
2026-03-24,Instagram,197
2026-03-25,Instagram,577
2026-03-26,Facebook,341
2026-03-27,TikTok,286
2026-03-28,Facebook,231
2026-03-29,LinkedIn,439
2026-03-30,Instagram,898
2026-03-31,LinkedIn,736
2026-04-01,Instagram,742
2026-04-02,TikTok,129
2026-04-03,Instagram,350
2026-04-04,LinkedIn,346
2026-04-05,Twitter,674
2026-04-06,LinkedIn,668
2026-04-07,LinkedIn,839
2026-04-08,TikTok,444
2026-04-09,Instagram,647
2026-04-10,Twitter,473
2026-04-11,Twitter,627
2026-04-12,Twitter,284
2026-04-13,Facebook,567
2026-04-14,TikTok,424
2026-04-15,Twitter,253
2026-04-16,Facebook,246
2026-04-17,Instagram,735
2026-04-18,LinkedIn,150
2026-04-19,TikTok,601
2026-04-20,Facebook,417
2026-04-21,TikTok,885
2026-04-22,Twitter,530
2026-04-23,LinkedIn,960
2026-04-24,Instagram,308
2026-04-25,LinkedIn,909
2026-04-26,Twitter,968
2026-04-27,Twitter,391
2026-04-28,Twitter,364
2026-04-29,TikTok,612
2026-04-30,Twitter,315
2026-05-01,Facebook,417
2026-05-02,Facebook,263
2026-05-03,TikTok,448
2026-05-04,Twitter,664
2026-05-05,LinkedIn,627
2026-05-06,Instagram,429
2026-05-07,TikTok,61
2026-05-08,Twitter,524
2026-05-09,LinkedIn,357
2026-05-10,LinkedIn,466
2026-05-11,Instagram,914
2026-05-12,Facebook,940
2026-05-13,TikTok,946
2026-05-14,LinkedIn,422
2026-05-15,Twitter,673
2026-05-16,TikTok,631
2026-05-17,TikTok,727
2026-05-18,LinkedIn,271
2026-05-19,LinkedIn,191
2026-05-20,Instagram,527
2026-05-21,Instagram,792
2026-05-22,TikTok,219
2026-05-23,Facebook,532
2026-05-24,Facebook,858
2026-05-25,Facebook,787
2026-05-26,Twitter,356
2026-05-27,Facebook,790
2026-05-28,Twitter,952
2026-05-29,LinkedIn,73
2026-05-30,Instagram,506
2026-05-31,TikTok,308
2026-06-01,LinkedIn,89
2026-06-02,Instagram,737
2026-06-03,Facebook,414
2026-06-04,Facebook,710
2026-06-05,Instagram,50
2026-06-06,TikTok,782
2026-06-07,Twitter,132
2026-06-08,LinkedIn,60
2026-06-09,Twitter,210
2026-06-10,Facebook,669
2026-06-11,LinkedIn,344
2026-06-12,Twitter,98
2026-06-13,Facebook,106
2026-06-14,Instagram,706
2026-06-15,LinkedIn,792
2026-06-16,Instagram,728
2026-06-17,TikTok,805
2026-06-18,Instagram,459
2026-06-19,Twitter,495
2026-06-20,Facebook,354
2026-06-21,LinkedIn,188
2026-06-22,TikTok,503
2026-06-23,LinkedIn,64
2026-06-24,TikTok,309
2026-06-25,Instagram,214
2026-06-26,Facebook,58
2026-06-27,LinkedIn,864
2026-06-28,TikTok,733
2026-06-29,Twitter,574
2026-06-30,Instagram,263
2026-07-01,TikTok,727
2026-07-02,LinkedIn,338
2026-07-03,LinkedIn,81
2026-07-04,LinkedIn,644
2026-07-05,Facebook,590
2026-07-06,Twitter,987
2026-07-07,LinkedIn,344
2026-07-08,Twitter,445
2026-07-09,Instagram,570
2026-07-10,Twitter,453
2026-07-11,LinkedIn,472
2026-07-12,Twitter,733
2026-07-13,Twitter,167
2026-07-14,Twitter,242
2026-07-15,Twitter,483
2026-07-16,Instagram,449
2026-07-17,TikTok,370
2026-07-18,Facebook,847
2026-07-19,TikTok,159
2026-07-20,LinkedIn,604
2026-07-21,Twitter,458
2026-07-22,Facebook,338
2026-07-23,Instagram,357
2026-07-24,Instagram,858
2026-07-25,Twitter,212
2026-07-26,Twitter,970
2026-07-27,LinkedIn,820
2026-07-28,Instagram,710
2026-07-29,LinkedIn,958
2026-07-30,LinkedIn,159
2026-07-31,Twitter,277
2026-08-01,LinkedIn,424
2026-08-02,TikTok,988
2026-08-03,Facebook,308
2026-08-04,Facebook,259
2026-08-05,Instagram,502
2026-08-06,LinkedIn,944
2026-08-07,LinkedIn,817
2026-08-08,LinkedIn,357
2026-08-09,Facebook,869
2026-08-10,Instagram,276
2026-08-11,LinkedIn,701
2026-08-12,Facebook,936
2026-08-13,Facebook,184
2026-08-14,LinkedIn,918
2026-08-15,LinkedIn,405
2026-08-16,TikTok,732
2026-08-17,Instagram,140
2026-08-18,LinkedIn,211
2026-08-19,TikTok,841
2026-08-20,Instagram,118
2026-08-21,Twitter,893
2026-08-22,Facebook,816
2026-08-23,LinkedIn,964
2026-08-24,LinkedIn,454
2026-08-25,Facebook,972
2026-08-26,TikTok,189
2026-08-27,TikTok,358
2026-08-28,Twitter,744
2026-08-29,Twitter,373
2026-08-30,LinkedIn,73
2026-08-31,Facebook,897
2026-09-01,Instagram,257
2026-09-02,Twitter,826
2026-09-03,LinkedIn,483
2026-09-04,Instagram,902
2026-09-05,LinkedIn,806
2026-09-06,Twitter,174
2026-09-07,Instagram,536
2026-09-08,TikTok,372
2026-09-09,Instagram,798
2026-09-10,LinkedIn,476
2026-09-11,LinkedIn,184
2026-09-12,LinkedIn,897
2026-09-13,TikTok,884
2026-09-14,LinkedIn,792
2026-09-15,Instagram,309
2026-09-16,Twitter,578
2026-09-17,LinkedIn,711
2026-09-18,TikTok,981
2026-09-19,LinkedIn,648
2026-09-20,LinkedIn,662
2026-09-21,TikTok,639
2026-09-22,TikTok,723
2026-09-23,Instagram,100
2026-09-24,LinkedIn,623
2026-09-25,TikTok,562
2026-09-26,LinkedIn,61
2026-09-27,Instagram,602
2026-09-28,Twitter,937
2026-09-29,Instagram,71
2026-09-30,Instagram,963
2026-10-01,TikTok,701
2026-10-02,Facebook,979
2026-10-03,Twitter,585
2026-10-04,Twitter,729
2026-10-05,Twitter,792
2026-10-06,LinkedIn,326
2026-10-07,TikTok,478
2026-10-08,Twitter,329
2026-10-09,Instagram,216
2026-10-10,Facebook,641
2026-10-11,Facebook,608
2026-10-12,Facebook,812
2026-10-13,Instagram,980
2026-10-14,LinkedIn,639
2026-10-15,Twitter,461
2026-10-16,LinkedIn,540
2026-10-17,Twitter,753
2026-10-18,Instagram,253
2026-10-19,Instagram,751
2026-10-20,LinkedIn,192
2026-10-21,TikTok,900
2026-10-22,Instagram,963
2026-10-23,Twitter,804
2026-10-24,TikTok,365
2026-10-25,TikTok,922
2026-10-26,Instagram,446
2026-10-27,Twitter,997
2026-10-28,Instagram,121
2026-10-29,Instagram,241
2026-10-30,Facebook,770
2026-10-31,TikTok,768
2026-11-01,Instagram,455
2026-11-02,Instagram,405
2026-11-03,Twitter,986
2026-11-04,Instagram,134
2026-11-05,Instagram,985
2026-11-06,Instagram,880
2026-11-07,Twitter,230
2026-11-08,Facebook,575
2026-11-09,TikTok,350
2026-11-10,TikTok,336
2026-11-11,TikTok,382
2026-11-12,Instagram,814
2026-11-13,Instagram,872
2026-11-14,TikTok,102
2026-11-15,Instagram,53
2026-11-16,Facebook,291
2026-11-17,Facebook,87
2026-11-18,Twitter,930
2026-11-19,Twitter,675
2026-11-20,LinkedIn,376
2026-11-21,LinkedIn,373
2026-11-22,Twitter,201
2026-11-23,Twitter,699
2026-11-24,Twitter,443
2026-11-25,Facebook,431
2026-11-26,TikTok,564
2026-11-27,Twitter,678
2026-11-28,Instagram,553
2026-11-29,Twitter,920
2026-11-30,Instagram,883
2026-12-01,Facebook,358
2026-12-02,LinkedIn,54
2026-12-03,TikTok,542
2026-12-04,LinkedIn,580
2026-12-05,LinkedIn,423
2026-12-06,TikTok,558
2026-12-07,Instagram,181
2026-12-08,Facebook,545
2026-12-09,LinkedIn,493
2026-12-10,LinkedIn,483
2026-12-11,LinkedIn,561
2026-12-12,LinkedIn,783
2026-12-13,Facebook,1000
2026-12-14,LinkedIn,587
2026-12-15,TikTok,572
2026-12-16,TikTok,684
2026-12-17,Instagram,589
2026-12-18,Instagram,102
2026-12-19,Instagram,518
2026-12-20,Twitter,401
2026-12-21,Instagram,169
2026-12-22,TikTok,354
2026-12-23,LinkedIn,772
2026-12-24,LinkedIn,377
2026-12-25,TikTok,758
2026-12-26,Twitter,808
2026-12-27,TikTok,496
2026-12-28,LinkedIn,506
2026-12-29,Twitter,576
2026-12-30,LinkedIn,153
2026-12-31,TikTok,168
2027-01-01,Twitter,210
2027-01-02,LinkedIn,765
2027-01-03,TikTok,117
2027-01-04,Facebook,797
2027-01-05,LinkedIn,901
2027-01-06,Instagram,780
2027-01-07,Twitter,774
2027-01-08,LinkedIn,977
2027-01-09,TikTok,131
2027-01-10,TikTok,821
2027-01-11,TikTok,316
2027-01-12,Instagram,660
2027-01-13,LinkedIn,437
2027-01-14,Facebook,381
2027-01-15,TikTok,571
2027-01-16,Instagram,611
2027-01-17,Facebook,725
2027-01-18,Twitter,799
2027-01-19,TikTok,566
2027-01-20,Instagram,166
2027-01-21,Facebook,318
2027-01-22,Twitter,218
2027-01-23,LinkedIn,956
2027-01-24,Instagram,338
2027-01-25,Facebook,136
2027-01-26,Twitter,155
2027-01-27,Instagram,334
2027-01-28,TikTok,823
2027-01-29,Twitter,541
2027-01-30,Instagram,974
2027-01-31,Twitter,825
2027-02-01,Twitter,69
2027-02-02,TikTok,418
2027-02-03,Instagram,459
2027-02-04,TikTok,766
2027-02-05,TikTok,827
2027-02-06,Instagram,75
2027-02-07,Instagram,281
2027-02-08,LinkedIn,978
2027-02-09,Facebook,88
2027-02-10,Instagram,672
2027-02-11,Twitter,512
2027-02-12,TikTok,205
2027-02-13,LinkedIn,235
2027-02-14,LinkedIn,758
2027-02-15,Facebook,809
2027-02-16,TikTok,218
2027-02-17,LinkedIn,749
2027-02-18,TikTok,793
2027-02-19,LinkedIn,513
2027-02-20,TikTok,983
2027-02-21,LinkedIn,98
2027-02-22,Instagram,88
2027-02-23,Twitter,144
2027-02-24,Twitter,967
2027-02-25,Instagram,663
2027-02-26,LinkedIn,68
2027-02-27,Instagram,904
2027-02-28,Facebook,849
2027-03-01,Instagram,670
2027-03-02,TikTok,761
2027-03-03,TikTok,112
2027-03-04,Instagram,880
2027-03-05,Twitter,635
2027-03-06,Facebook,414
2027-03-07,Instagram,411
2027-03-08,TikTok,552
2027-03-09,Twitter,184
2027-03-10,Twitter,65
2027-03-11,LinkedIn,89
2027-03-12,LinkedIn,295
2027-03-13,TikTok,244
2027-03-14,Instagram,754
2027-03-15,Instagram,500
2027-03-16,Twitter,190
2027-03-17,Facebook,136
2027-03-18,Facebook,95
2027-03-19,LinkedIn,342
2027-03-20,Facebook,78
2027-03-21,Instagram,399
2027-03-22,Twitter,200
2027-03-23,Instagram,193
2027-03-24,Instagram,242
2027-03-25,TikTok,757
2027-03-26,Twitter,144
2027-03-27,Facebook,602
2027-03-28,LinkedIn,500
2027-03-29,Instagram,232
2027-03-30,Instagram,939
2027-03-31,TikTok,489
2027-04-01,TikTok,762
2027-04-02,TikTok,294
2027-04-03,LinkedIn,901
2027-04-04,LinkedIn,636
2027-04-05,LinkedIn,837
2027-04-06,LinkedIn,842
2027-04-07,Twitter,116
2027-04-08,Facebook,504
2027-04-09,Facebook,473
2027-04-10,LinkedIn,390
2027-04-11,TikTok,989
2027-04-12,LinkedIn,578
2027-04-13,Instagram,341
2027-04-14,Instagram,512
2027-04-15,Facebook,150
2027-04-16,TikTok,795
2027-04-17,TikTok,999
2027-04-18,Instagram,300
2027-04-19,Facebook,452
2027-04-20,Facebook,728
2027-04-21,Instagram,565
2027-04-22,Twitter,369
2027-04-23,TikTok,685
2027-04-24,Facebook,352
2027-04-25,Facebook,330
2027-04-26,Instagram,585
2027-04-27,Instagram,554
2027-04-28,Twitter,700
2027-04-29,Twitter,352
2027-04-30,Facebook,213
2027-05-01,Instagram,642
2027-05-02,Instagram,566
2027-05-03,Twitter,499
2027-05-04,LinkedIn,156
2027-05-05,LinkedIn,405
2027-05-06,LinkedIn,533
2027-05-07,LinkedIn,441
2027-05-08,TikTok,932
2027-05-09,Facebook,581
2027-05-10,Facebook,860
2027-05-11,TikTok,177
2027-05-12,Twitter,295
2027-05-13,TikTok,637
2027-05-14,TikTok,1000
2027-05-15,Instagram,876
2027-05-16,LinkedIn,651
2027-05-17,TikTok,366
2027-05-18,Instagram,537
2027-05-19,Facebook,653
2027-05-20,Facebook,265
2027-05-21,Instagram,281
2027-05-22,TikTok,306
2027-05-23,LinkedIn,324
2027-05-24,Instagram,804
2027-05-25,Facebook,430
2027-05-26,Facebook,798
2027-05-27,TikTok,295
2027-05-28,Instagram,702
2027-05-29,TikTok,334
2027-05-30,LinkedIn,871
2027-05-31,Twitter,248
2027-06-01,Facebook,661
2027-06-02,Instagram,117
2027-06-03,LinkedIn,862
2027-06-04,Instagram,234
2027-06-05,Facebook,701
2027-06-06,Facebook,564
2027-06-07,Facebook,210
2027-06-08,TikTok,791
2027-06-09,Facebook,789
2027-06-10,TikTok,546
2027-06-11,LinkedIn,579
2027-06-12,Instagram,954
2027-06-13,Twitter,244
2027-06-14,Twitter,645
2027-06-15,Twitter,185
2027-06-16,Facebook,419
2027-06-17,Twitter,637
2027-06-18,LinkedIn,132
2027-06-19,Twitter,155
2027-06-20,TikTok,647
2027-06-21,LinkedIn,681
2027-06-22,Facebook,713
2027-06-23,Twitter,816
2027-06-24,Facebook,892
2027-06-25,Instagram,112
2027-06-26,TikTok,876
2027-06-27,Instagram,601
2027-06-28,Facebook,558
2027-06-29,Instagram,486
2027-06-30,Facebook,443
2027-07-01,Twitter,213
2027-07-02,TikTok,656
2027-07-03,TikTok,293
2027-07-04,Twitter,312
2027-07-05,Facebook,195
2027-07-06,Instagram,696
2027-07-07,Instagram,119
2027-07-08,Twitter,999
2027-07-09,Facebook,525
2027-07-10,TikTok,302
2027-07-11,TikTok,836
2027-07-12,Instagram,692
2027-07-13,Instagram,85
2027-07-14,Facebook,518
2027-07-15,LinkedIn,734
2027-07-16,Facebook,764
2027-07-17,TikTok,327
2027-07-18,LinkedIn,292
2027-07-19,TikTok,807
2027-07-20,Instagram,419
2027-07-21,LinkedIn,941
2027-07-22,Facebook,660
2027-07-23,TikTok,856
2027-07-24,Twitter,135
2027-07-25,Facebook,269
2027-07-26,Twitter,233
2027-07-27,Facebook,808
2027-07-28,Facebook,314
2027-07-29,Facebook,831
2027-07-30,LinkedIn,799
2027-07-31,Instagram,293
2027-08-01,Facebook,780
2027-08-02,Facebook,677
2027-08-03,Twitter,244
2027-08-04,TikTok,259
2027-08-05,Facebook,362
2027-08-06,Twitter,72
2027-08-07,TikTok,204
2027-08-08,Facebook,489
2027-08-09,TikTok,256
2027-08-10,Instagram,596
2027-08-11,Twitter,563
2027-08-12,Instagram,263
2027-08-13,LinkedIn,372
2027-08-14,Instagram,355
2027-08-15,TikTok,558
2027-08-16,TikTok,300
2027-08-17,LinkedIn,701
2027-08-18,Instagram,818
2027-08-19,LinkedIn,435
2027-08-20,Instagram,988
2027-08-21,LinkedIn,757
2027-08-22,Facebook,474
2027-08-23,Facebook,666
2027-08-24,Instagram,640
2027-08-25,LinkedIn,921
2027-08-26,Facebook,183
2027-08-27,Twitter,338
2027-08-28,TikTok,788
2027-08-29,Facebook,363
2027-08-30,Facebook,757
2027-08-31,LinkedIn,252
2027-09-01,LinkedIn,555
2027-09-02,TikTok,710
2027-09-03,Facebook,637
2027-09-04,Facebook,109
2027-09-05,LinkedIn,249
2027-09-06,Instagram,453
2027-09-07,Facebook,721
2027-09-08,LinkedIn,881
2027-09-09,Facebook,490
2027-09-10,Twitter,624
2027-09-11,Facebook,221
2027-09-12,Facebook,995
2027-09-13,Twitter,694
2027-09-14,Instagram,118
2027-09-15,TikTok,141
2027-09-16,TikTok,313
2027-09-17,LinkedIn,227
2027-09-18,Facebook,593
2027-09-19,LinkedIn,392
2027-09-20,Twitter,275
2027-09-21,Instagram,721
2027-09-22,LinkedIn,208
2027-09-23,TikTok,439
2027-09-24,TikTok,665
2027-09-25,Twitter,166
2027-09-26,LinkedIn,929
2027-09-27,LinkedIn,946
2027-09-28,TikTok,532
2027-09-29,Facebook,142
2027-09-30,Facebook,737
2027-10-01,Twitter,386
2027-10-02,Facebook,831
2027-10-03,Facebook,384
2027-10-04,TikTok,343
2027-10-05,TikTok,248
2027-10-06,TikTok,124
2027-10-07,LinkedIn,442
2027-10-08,TikTok,786
2027-10-09,LinkedIn,393
2027-10-10,Instagram,882
2027-10-11,TikTok,137
2027-10-12,Facebook,761
2027-10-13,Instagram,529
2027-10-14,Facebook,548
2027-10-15,Instagram,750
2027-10-16,Twitter,875
2027-10-17,Twitter,461
2027-10-18,Instagram,338
2027-10-19,LinkedIn,802
2027-10-20,Facebook,236
2027-10-21,TikTok,251
2027-10-22,Facebook,491
2027-10-23,LinkedIn,531
2027-10-24,Twitter,149
2027-10-25,TikTok,746
2027-10-26,Instagram,991
2027-10-27,Twitter,396
2027-10-28,LinkedIn,533
2027-10-29,Instagram,738
2027-10-30,Facebook,305
2027-10-31,Twitter,65
2027-11-01,Instagram,724
2027-11-02,TikTok,532
2027-11-03,Instagram,776
2027-11-04,LinkedIn,82
2027-11-05,TikTok,418
2027-11-06,Twitter,584
2027-11-07,Twitter,350
2027-11-08,Facebook,940
2027-11-09,TikTok,832
2027-11-10,LinkedIn,967
2027-11-11,Facebook,840
2027-11-12,TikTok,715
2027-11-13,Twitter,703
2027-11-14,Facebook,543
2027-11-15,LinkedIn,468
2027-11-16,TikTok,353
2027-11-17,Twitter,509
2027-11-18,LinkedIn,709
2027-11-19,Twitter,994
2027-11-20,Instagram,968
2027-11-21,LinkedIn,309
2027-11-22,Facebook,781
2027-11-23,Facebook,333
2027-11-24,LinkedIn,860
2027-11-25,LinkedIn,199
2027-11-26,TikTok,780
2027-11-27,Instagram,601
2027-11-28,LinkedIn,368
2027-11-29,TikTok,812
2027-11-30,TikTok,230
2027-12-01,LinkedIn,967
2027-12-02,Instagram,840
2027-12-03,TikTok,267
2027-12-04,LinkedIn,659
2027-12-05,Twitter,101
2027-12-06,Instagram,527
2027-12-07,Instagram,233
2027-12-08,Twitter,921
2027-12-09,LinkedIn,519
2027-12-10,Facebook,637
2027-12-11,TikTok,306
2027-12-12,Facebook,444
2027-12-13,TikTok,174
2027-12-14,Instagram,281
2027-12-15,Instagram,576
2027-12-16,LinkedIn,189
2027-12-17,Twitter,199
2027-12-18,TikTok,985
2027-12-19,Facebook,177
2027-12-20,Facebook,361
2027-12-21,Twitter,332
2027-12-22,Twitter,360
2027-12-23,LinkedIn,532
2027-12-24,Facebook,127
2027-12-25,TikTok,181
2027-12-26,TikTok,430
2027-12-27,Instagram,289
2027-12-28,TikTok,121
2027-12-29,LinkedIn,491
2027-12-30,Facebook,85
2027-12-31,Facebook,82
2028-01-01,Twitter,686
2028-01-02,Twitter,483
2028-01-03,Instagram,219
2028-01-04,Facebook,115
2028-01-05,TikTok,403
2028-01-06,Instagram,125
2028-01-07,Twitter,923
2028-01-08,Instagram,621
2028-01-09,Twitter,253
2028-01-10,Twitter,411
2028-01-11,Twitter,934
2028-01-12,Instagram,224
2028-01-13,TikTok,976
2028-01-14,TikTok,829
2028-01-15,LinkedIn,252
2028-01-16,LinkedIn,99
2028-01-17,Twitter,559
2028-01-18,TikTok,453
2028-01-19,LinkedIn,206
2028-01-20,Twitter,208
2028-01-21,TikTok,743
2028-01-22,Instagram,258
2028-01-23,Twitter,734
2028-01-24,LinkedIn,358
2028-01-25,TikTok,996
2028-01-26,Twitter,582
2028-01-27,TikTok,923
2028-01-28,Facebook,458
2028-01-29,Facebook,94
2028-01-30,LinkedIn,79
2028-01-31,TikTok,117
2028-02-01,Facebook,883
2028-02-02,Facebook,654
2028-02-03,Instagram,486
2028-02-04,Twitter,765
2028-02-05,LinkedIn,242
2028-02-06,Twitter,346
2028-02-07,Twitter,768
2028-02-08,Instagram,648
2028-02-09,Twitter,197
2028-02-10,Instagram,930
2028-02-11,Facebook,679
2028-02-12,Facebook,979
2028-02-13,Instagram,394
2028-02-14,Instagram,106
2028-02-15,Twitter,584
2028-02-16,Facebook,889
2028-02-17,Facebook,552
2028-02-18,LinkedIn,128
2028-02-19,Instagram,428
2028-02-20,LinkedIn,580
2028-02-21,Twitter,908
2028-02-22,Instagram,583
2028-02-23,Twitter,971
2028-02-24,Facebook,499
2028-02-25,Instagram,491
2028-02-26,Twitter,720
2028-02-27,TikTok,655
2028-02-28,Facebook,106
2028-02-29,Instagram,696
2028-03-01,TikTok,677
2028-03-02,Facebook,984
2028-03-03,LinkedIn,975
2028-03-04,LinkedIn,210
2028-03-05,TikTok,696
2028-03-06,TikTok,277
2028-03-07,TikTok,552
2028-03-08,Twitter,435
2028-03-09,Twitter,701
2028-03-10,Twitter,732
2028-03-11,LinkedIn,919
2028-03-12,Facebook,619
2028-03-13,Facebook,410
2028-03-14,Facebook,233
2028-03-15,Facebook,342
2028-03-16,Instagram,250
2028-03-17,LinkedIn,720
2028-03-18,TikTok,353
2028-03-19,Facebook,206
2028-03-20,Twitter,497
2028-03-21,Twitter,608
2028-03-22,LinkedIn,560
2028-03-23,Twitter,197
2028-03-24,Instagram,495
2028-03-25,Twitter,73
2028-03-26,Instagram,252
2028-03-27,Twitter,944
2028-03-28,Twitter,809
2028-03-29,TikTok,650
2028-03-30,LinkedIn,675
2028-03-31,Instagram,985
2028-04-01,LinkedIn,504
2028-04-02,TikTok,362
2028-04-03,TikTok,114
2028-04-04,Twitter,486
2028-04-05,TikTok,618
2028-04-06,Twitter,258
2028-04-07,Instagram,649
2028-04-08,TikTok,191
2028-04-09,Facebook,407
2028-04-10,Facebook,451
2028-04-11,Twitter,271
2028-04-12,Instagram,791
2028-04-13,Instagram,894
2028-04-14,TikTok,601
2028-04-15,TikTok,605
2028-04-16,Instagram,602
2028-04-17,Facebook,389
2028-04-18,TikTok,670
2028-04-19,LinkedIn,932
2028-04-20,Twitter,761
2028-04-21,Instagram,444
2028-04-22,TikTok,874
2028-04-23,LinkedIn,937
2028-04-24,Instagram,938
2028-04-25,Instagram,886
2028-04-26,Twitter,441
2028-04-27,LinkedIn,514
2028-04-28,Instagram,625
2028-04-29,LinkedIn,978
2028-04-30,LinkedIn,957
2028-05-01,LinkedIn,808
2028-05-02,Facebook,628
2028-05-03,TikTok,870
2028-05-04,Facebook,460
2028-05-05,Twitter,311
2028-05-06,Instagram,353
2028-05-07,TikTok,131
2028-05-08,TikTok,662
2028-05-09,TikTok,925
2028-05-10,Twitter,287
2028-05-11,LinkedIn,332
2028-05-12,Facebook,147
2028-05-13,LinkedIn,319
2028-05-14,Facebook,428
2028-05-15,LinkedIn,527
2028-05-16,Facebook,331
2028-05-17,Instagram,428
2028-05-18,LinkedIn,900
2028-05-19,LinkedIn,709
2028-05-20,Instagram,364
2028-05-21,Instagram,177
2028-05-22,Instagram,452
2028-05-23,LinkedIn,680
2028-05-24,Facebook,291
2028-05-25,Instagram,225
2028-05-26,Facebook,250
2028-05-27,TikTok,389
2028-05-28,Twitter,170
2028-05-29,Facebook,92
2028-05-30,TikTok,674
2028-05-31,LinkedIn,150
2028-06-01,Twitter,331
2028-06-02,Twitter,660
2028-06-03,TikTok,710
2028-06-04,Facebook,762
2028-06-05,Instagram,272
2028-06-06,Instagram,77
2028-06-07,Instagram,669
2028-06-08,LinkedIn,877
2028-06-09,Twitter,128
2028-06-10,Instagram,132
2028-06-11,Twitter,740
2028-06-12,Facebook,966
2028-06-13,LinkedIn,91
2028-06-14,TikTok,951
2028-06-15,Facebook,134
2028-06-16,Facebook,440
2028-06-17,Twitter,890
2028-06-18,Twitter,169
2028-06-19,Instagram,922
2028-06-20,Instagram,228
2028-06-21,LinkedIn,825
2028-06-22,Twitter,471
2028-06-23,Facebook,821
2028-06-24,Twitter,959
2028-06-25,Instagram,177
2028-06-26,Twitter,103
2028-06-27,TikTok,592
2028-06-28,Facebook,678
2028-06-29,Twitter,346
2028-06-30,TikTok,106
2028-07-01,Facebook,587
2028-07-02,LinkedIn,319
2028-07-03,Facebook,117
2028-07-04,TikTok,527
2028-07-05,Instagram,102
2028-07-06,Facebook,913
2028-07-07,TikTok,603
2028-07-08,Facebook,204
2028-07-09,TikTok,719
2028-07-10,Facebook,229
2028-07-11,Instagram,506
2028-07-12,TikTok,871
2028-07-13,Twitter,897
2028-07-14,Twitter,876
2028-07-15,Instagram,165
2028-07-16,Twitter,290
2028-07-17,LinkedIn,802
2028-07-18,LinkedIn,306
2028-07-19,Instagram,82
2028-07-20,Instagram,213
2028-07-21,Twitter,546
2028-07-22,LinkedIn,625
2028-07-23,LinkedIn,552
2028-07-24,TikTok,189
2028-07-25,LinkedIn,789
2028-07-26,Facebook,444
2028-07-27,Instagram,586
2028-07-28,TikTok,751
2028-07-29,Twitter,762
2028-07-30,TikTok,391
2028-07-31,Instagram,151
2028-08-01,Facebook,948
2028-08-02,TikTok,790
2028-08-03,Twitter,901
2028-08-04,Twitter,993
2028-08-05,Instagram,568
2028-08-06,Facebook,602
2028-08-07,TikTok,632
2028-08-08,Twitter,438
2028-08-09,TikTok,52
2028-08-10,TikTok,681
2028-08-11,Twitter,174
2028-08-12,Facebook,534
2028-08-13,Twitter,354
2028-08-14,LinkedIn,749
2028-08-15,Instagram,445
2028-08-16,TikTok,782
2028-08-17,Facebook,752
2028-08-18,Twitter,903
2028-08-19,TikTok,245
2028-08-20,TikTok,289
2028-08-21,Facebook,618
2028-08-22,Facebook,695
2028-08-23,Twitter,965
2028-08-24,LinkedIn,732
2028-08-25,Instagram,917
2028-08-26,LinkedIn,723
2028-08-27,Instagram,711
2028-08-28,Facebook,930
2028-08-29,Instagram,61
2028-08-30,TikTok,745
2028-08-31,LinkedIn,727
2028-09-01,TikTok,698
2028-09-02,LinkedIn,70
2028-09-03,Instagram,228
2028-09-04,Instagram,667
2028-09-05,Facebook,891
2028-09-06,TikTok,756
2028-09-07,Facebook,769
2028-09-08,Instagram,710
2028-09-09,LinkedIn,794
2028-09-10,LinkedIn,269
2028-09-11,Instagram,782
2028-09-12,Twitter,326
2028-09-13,Facebook,262
2028-09-14,Twitter,289
2028-09-15,Instagram,111
2028-09-16,TikTok,706
2028-09-17,Facebook,816
2028-09-18,LinkedIn,818
2028-09-19,TikTok,237
2028-09-20,Instagram,780
2028-09-21,Twitter,299
2028-09-22,Facebook,875
2028-09-23,TikTok,684
2028-09-24,Instagram,311
2028-09-25,LinkedIn,241
2028-09-26,Instagram,293
2028-09-27,Twitter,242
2028-09-28,Facebook,226
2028-09-29,Twitter,538
2028-09-30,Twitter,975
2028-10-01,LinkedIn,89
2028-10-02,TikTok,403
2028-10-03,Twitter,852
2028-10-04,Twitter,629
2028-10-05,LinkedIn,188
2028-10-06,Instagram,339
2028-10-07,Twitter,84
2028-10-08,LinkedIn,343
2028-10-09,TikTok,238
2028-10-10,Facebook,132
2028-10-11,Instagram,719
2028-10-12,Twitter,559
2028-10-13,TikTok,559
2028-10-14,Facebook,393
2028-10-15,Twitter,418
2028-10-16,Twitter,550
2028-10-17,Instagram,737
2028-10-18,Facebook,388
2028-10-19,LinkedIn,253
2028-10-20,Facebook,686
2028-10-21,Facebook,843
2028-10-22,Instagram,663
2028-10-23,Instagram,782
2028-10-24,Twitter,668
2028-10-25,LinkedIn,747
2028-10-26,Twitter,802
2028-10-27,Facebook,543
2028-10-28,Instagram,275
2028-10-29,Facebook,166
2028-10-30,Twitter,879
2028-10-31,Twitter,824
2028-11-01,Twitter,589
2028-11-02,LinkedIn,100
2028-11-03,Twitter,135
2028-11-04,Facebook,919
2028-11-05,Twitter,720
2028-11-06,Twitter,366
2028-11-07,Facebook,563
2028-11-08,TikTok,457
2028-11-09,LinkedIn,561
2028-11-10,Facebook,216
2028-11-11,TikTok,884
2028-11-12,Twitter,956
2028-11-13,Facebook,234
2028-11-14,Twitter,626
2028-11-15,LinkedIn,671
2028-11-16,Twitter,339
2028-11-17,Facebook,599
2028-11-18,TikTok,719
2028-11-19,TikTok,861
2028-11-20,Facebook,672
2028-11-21,TikTok,263
2028-11-22,Twitter,833
2028-11-23,Facebook,125
2028-11-24,TikTok,482
2028-11-25,LinkedIn,472
2028-11-26,TikTok,360
2028-11-27,LinkedIn,646
2028-11-28,Facebook,608
2028-11-29,TikTok,746
2028-11-30,Facebook,542
2028-12-01,Twitter,814
2028-12-02,TikTok,539
2028-12-03,Instagram,820
2028-12-04,Facebook,843
2028-12-05,Twitter,89
2028-12-06,Twitter,925
2028-12-07,Facebook,494
2028-12-08,Twitter,136
2028-12-09,LinkedIn,928
2028-12-10,LinkedIn,492
2028-12-11,LinkedIn,440
2028-12-12,TikTok,788
2028-12-13,Twitter,571
2028-12-14,Instagram,628
2028-12-15,LinkedIn,205
2028-12-16,Instagram,298
2028-12-17,TikTok,514
2028-12-18,Twitter,695
2028-12-19,Facebook,807
2028-12-20,Facebook,236
2028-12-21,Facebook,77
2028-12-22,Instagram,515
2028-12-23,TikTok,950
2028-12-24,LinkedIn,302
2028-12-25,Facebook,848
2028-12-26,Facebook,415
2028-12-27,Instagram,951
2028-12-28,TikTok,611
2028-12-29,TikTok,407
2028-12-30,Facebook,975
2028-12-31,LinkedIn,472
2029-01-01,Twitter,272
2029-01-02,Twitter,994
2029-01-03,Facebook,149
2029-01-04,Twitter,92
2029-01-05,LinkedIn,326
2029-01-06,Facebook,999
2029-01-07,TikTok,632
2029-01-08,Twitter,512
2029-01-09,LinkedIn,775
2029-01-10,LinkedIn,654
2029-01-11,Twitter,884
2029-01-12,Facebook,879
2029-01-13,Twitter,269
2029-01-14,LinkedIn,789
2029-01-15,Instagram,150
2029-01-16,Twitter,389
2029-01-17,LinkedIn,387
2029-01-18,Twitter,529
2029-01-19,LinkedIn,521
2029-01-20,LinkedIn,391
2029-01-21,Instagram,820
2029-01-22,Twitter,414
2029-01-23,Instagram,917
2029-01-24,TikTok,417
2029-01-25,Facebook,472
2029-01-26,TikTok,771
2029-01-27,LinkedIn,413
2029-01-28,TikTok,454
2029-01-29,Facebook,837
2029-01-30,Instagram,519
2029-01-31,Twitter,97
2029-02-01,Instagram,594
2029-02-02,TikTok,293
2029-02-03,Facebook,693
2029-02-04,TikTok,586
2029-02-05,Facebook,464
2029-02-06,Twitter,769
2029-02-07,Twitter,334
2029-02-08,TikTok,129
2029-02-09,Instagram,308
2029-02-10,Facebook,131
2029-02-11,LinkedIn,569
2029-02-12,Facebook,158
2029-02-13,TikTok,549
2029-02-14,LinkedIn,545
2029-02-15,Facebook,196
2029-02-16,Twitter,925
2029-02-17,LinkedIn,208
2029-02-18,LinkedIn,197
2029-02-19,LinkedIn,834
2029-02-20,LinkedIn,249
2029-02-21,LinkedIn,199
2029-02-22,LinkedIn,262
2029-02-23,TikTok,278
2029-02-24,LinkedIn,452
2029-02-25,Twitter,589
2029-02-26,LinkedIn,809
2029-02-27,TikTok,100
2029-02-28,TikTok,506
2029-03-01,TikTok,200
2029-03-02,Facebook,475
2029-03-03,TikTok,795
2029-03-04,Instagram,596
2029-03-05,Instagram,272
2029-03-06,LinkedIn,410
2029-03-07,TikTok,432
2029-03-08,Instagram,764
2029-03-09,LinkedIn,586
2029-03-10,Facebook,420
2029-03-11,Facebook,448
2029-03-12,Facebook,518
2029-03-13,Twitter,188
2029-03-14,Instagram,101
2029-03-15,Facebook,706
2029-03-16,Twitter,573
2029-03-17,LinkedIn,388
2029-03-18,Instagram,506
2029-03-19,Facebook,246
2029-03-20,LinkedIn,1000
2029-03-21,Twitter,494
2029-03-22,Twitter,856
2029-03-23,TikTok,754
2029-03-24,LinkedIn,246
2029-03-25,Instagram,760
2029-03-26,Facebook,153
2029-03-27,Facebook,627
2029-03-28,Twitter,102
2029-03-29,Facebook,529
2029-03-30,Instagram,414
2029-03-31,LinkedIn,536
2029-04-01,TikTok,456
2029-04-02,TikTok,568
2029-04-03,TikTok,265
2029-04-04,Instagram,855
2029-04-05,Instagram,472
2029-04-06,Facebook,983
2029-04-07,TikTok,492
2029-04-08,Instagram,474
2029-04-09,LinkedIn,850
2029-04-10,Twitter,889
2029-04-11,TikTok,774
2029-04-12,Facebook,196
2029-04-13,TikTok,76
2029-04-14,LinkedIn,98
2029-04-15,Facebook,905
2029-04-16,TikTok,291
2029-04-17,LinkedIn,53
2029-04-18,Twitter,609
2029-04-19,TikTok,325
2029-04-20,Facebook,938
2029-04-21,TikTok,88
2029-04-22,TikTok,198
2029-04-23,Twitter,710
2029-04-24,LinkedIn,954
2029-04-25,TikTok,232
2029-04-26,Instagram,439
2029-04-27,Facebook,881
2029-04-28,Instagram,335
2029-04-29,LinkedIn,797
2029-04-30,TikTok,413
2029-05-01,Twitter,482
2029-05-02,TikTok,754
2029-05-03,Instagram,136
2029-05-04,LinkedIn,922
2029-05-05,Twitter,711
2029-05-06,TikTok,521
2029-05-07,Instagram,252
2029-05-08,Twitter,519
2029-05-09,Facebook,331
2029-05-10,Instagram,566
2029-05-11,Twitter,442
2029-05-12,Instagram,383
2029-05-13,TikTok,76
2029-05-14,LinkedIn,805
2029-05-15,Twitter,753
2029-05-16,Instagram,338
2029-05-17,LinkedIn,428
2029-05-18,Instagram,526
2029-05-19,Facebook,230
2029-05-20,Twitter,74
2029-05-21,Instagram,254
2029-05-22,Twitter,410
2029-05-23,Facebook,129
2029-05-24,Facebook,180
2029-05-25,LinkedIn,710
2029-05-26,Twitter,409
2029-05-27,Facebook,827
2029-05-28,Facebook,409
2029-05-29,Facebook,630
2029-05-30,Twitter,257
2029-05-31,LinkedIn,364
2029-06-01,Instagram,939
2029-06-02,LinkedIn,434
2029-06-03,LinkedIn,867
2029-06-04,TikTok,682
2029-06-05,LinkedIn,344
2029-06-06,Instagram,455
2029-06-07,TikTok,563
2029-06-08,Instagram,157
2029-06-09,Instagram,173
2029-06-10,LinkedIn,715
2029-06-11,Facebook,723
2029-06-12,LinkedIn,916
2029-06-13,Twitter,538
2029-06-14,LinkedIn,472
2029-06-15,LinkedIn,476
2029-06-16,Twitter,924
2029-06-17,Twitter,680
2029-06-18,LinkedIn,539
2029-06-19,Facebook,257
2029-06-20,Instagram,182
2029-06-21,LinkedIn,744
2029-06-22,Instagram,714
2029-06-23,LinkedIn,53
2029-06-24,TikTok,80
2029-06-25,Facebook,360
2029-06-26,LinkedIn,924
2029-06-27,Facebook,819
2029-06-28,Instagram,556
2029-06-29,TikTok,189
2029-06-30,TikTok,686
2029-07-01,Facebook,805
2029-07-02,LinkedIn,807
2029-07-03,Facebook,119
2029-07-04,Instagram,260
2029-07-05,TikTok,577
2029-07-06,Twitter,480
2029-07-07,Instagram,690
2029-07-08,TikTok,936
2029-07-09,Twitter,279
2029-07-10,Instagram,747
2029-07-11,Instagram,930
2029-07-12,Instagram,599
2029-07-13,Twitter,242
2029-07-14,LinkedIn,617
2029-07-15,TikTok,695
2029-07-16,LinkedIn,534
2029-07-17,LinkedIn,630
2029-07-18,Facebook,236
2029-07-19,Instagram,629
2029-07-20,LinkedIn,63
2029-07-21,LinkedIn,628
2029-07-22,TikTok,631
2029-07-23,TikTok,494
2029-07-24,LinkedIn,789
2029-07-25,Facebook,430
2029-07-26,Instagram,160
2029-07-27,Twitter,473
2029-07-28,LinkedIn,236
2029-07-29,TikTok,845
2029-07-30,Twitter,735
2029-07-31,Twitter,977
2029-08-01,TikTok,428
2029-08-02,Facebook,275
2029-08-03,Facebook,778
2029-08-04,Facebook,888
2029-08-05,Twitter,114
2029-08-06,TikTok,876
2029-08-07,Facebook,845
2029-08-08,Twitter,697
2029-08-09,Instagram,926
2029-08-10,Instagram,775
2029-08-11,Instagram,578
2029-08-12,Twitter,499
2029-08-13,Instagram,753
2029-08-14,Instagram,921
2029-08-15,TikTok,881
2029-08-16,LinkedIn,106
2029-08-17,Instagram,414
2029-08-18,Facebook,959
2029-08-19,Twitter,292
2029-08-20,Twitter,525
2029-08-21,Facebook,166
2029-08-22,Facebook,77
2029-08-23,Twitter,157
2029-08-24,Facebook,306
2029-08-25,Instagram,338
2029-08-26,Instagram,943
2029-08-27,TikTok,246
2029-08-28,Facebook,301
2029-08-29,TikTok,403
2029-08-30,TikTok,541
2029-08-31,TikTok,501
2029-09-01,LinkedIn,207
2029-09-02,TikTok,850
2029-09-03,TikTok,775
2029-09-04,Facebook,228
2029-09-05,LinkedIn,591
2029-09-06,LinkedIn,680
2029-09-07,LinkedIn,534
2029-09-08,Instagram,102
2029-09-09,TikTok,902
2029-09-10,Facebook,881
2029-09-11,Facebook,892
2029-09-12,Facebook,536
2029-09-13,Twitter,503
2029-09-14,Twitter,586
2029-09-15,Instagram,367
2029-09-16,Facebook,766
2029-09-17,LinkedIn,692
2029-09-18,Twitter,276
2029-09-19,Facebook,777
2029-09-20,Twitter,108
2029-09-21,Facebook,810
2029-09-22,Instagram,364
2029-09-23,LinkedIn,970
2029-09-24,Instagram,234
2029-09-25,LinkedIn,809
2029-09-26,Facebook,340
2029-09-27,Twitter,81
2029-09-28,LinkedIn,594
2029-09-29,Twitter,443
2029-09-30,TikTok,411
2029-10-01,LinkedIn,826
2029-10-02,LinkedIn,701
2029-10-03,Instagram,714
2029-10-04,Twitter,867
2029-10-05,Twitter,570
2029-10-06,LinkedIn,952
2029-10-07,Instagram,921
2029-10-08,TikTok,788
2029-10-09,Instagram,310
2029-10-10,TikTok,889
2029-10-11,Facebook,468
2029-10-12,TikTok,517
2029-10-13,TikTok,773
2029-10-14,LinkedIn,295
2029-10-15,LinkedIn,249
2029-10-16,TikTok,610
2029-10-17,TikTok,976
2029-10-18,Facebook,484
2029-10-19,LinkedIn,476
2029-10-20,LinkedIn,878
2029-10-21,LinkedIn,973
2029-10-22,Facebook,124
2029-10-23,Facebook,622
2029-10-24,Twitter,728
2029-10-25,TikTok,414
2029-10-26,LinkedIn,682
2029-10-27,Twitter,376
2029-10-28,LinkedIn,875
2029-10-29,TikTok,489
2029-10-30,Twitter,315
2029-10-31,Facebook,645
2029-11-01,Twitter,213
2029-11-02,Instagram,928
2029-11-03,Instagram,270
2029-11-04,Twitter,344
2029-11-05,Twitter,390
2029-11-06,Instagram,445
2029-11-07,Twitter,145
2029-11-08,Facebook,542
2029-11-09,Twitter,506
2029-11-10,Twitter,569
2029-11-11,Facebook,195
2029-11-12,Twitter,219
2029-11-13,LinkedIn,639
2029-11-14,LinkedIn,782
2029-11-15,Instagram,311
2029-11-16,LinkedIn,656
2029-11-17,Twitter,945
2029-11-18,Instagram,71
2029-11-19,Twitter,955
2029-11-20,Instagram,183
2029-11-21,LinkedIn,429
2029-11-22,TikTok,691
2029-11-23,Facebook,636
2029-11-24,LinkedIn,848
2029-11-25,TikTok,317
2029-11-26,Twitter,377
2029-11-27,Instagram,943
2029-11-28,Instagram,853
2029-11-29,LinkedIn,201
2029-11-30,LinkedIn,322
2029-12-01,LinkedIn,711
2029-12-02,Twitter,226
2029-12-03,LinkedIn,426
2029-12-04,LinkedIn,235
2029-12-05,Facebook,171
2029-12-06,LinkedIn,639
2029-12-07,Instagram,51
2029-12-08,LinkedIn,860
2029-12-09,LinkedIn,749
2029-12-10,TikTok,138
2029-12-11,Twitter,634
2029-12-12,Instagram,416
2029-12-13,Instagram,322
2029-12-14,LinkedIn,794
2029-12-15,Instagram,108
2029-12-16,Twitter,361
2029-12-17,Facebook,624
2029-12-18,Twitter,570
2029-12-19,LinkedIn,967
2029-12-20,Twitter,776
2029-12-21,Twitter,733
2029-12-22,LinkedIn,248
2029-12-23,TikTok,222
2029-12-24,LinkedIn,934
2029-12-25,TikTok,534
2029-12-26,TikTok,718
2029-12-27,Instagram,543
2029-12-28,Twitter,129
2029-12-29,Twitter,599
2029-12-30,Facebook,299
2029-12-31,LinkedIn,774
2030-01-01,Instagram,944
2030-01-02,Twitter,900
2030-01-03,Facebook,838
2030-01-04,Facebook,332
2030-01-05,TikTok,60
2030-01-06,Twitter,822
2030-01-07,Instagram,738
2030-01-08,Facebook,233
2030-01-09,LinkedIn,485
2030-01-10,TikTok,604
2030-01-11,Instagram,234
2030-01-12,Facebook,479
2030-01-13,TikTok,274
2030-01-14,Facebook,65
2030-01-15,LinkedIn,64
2030-01-16,Instagram,765
2030-01-17,LinkedIn,775
2030-01-18,LinkedIn,485
2030-01-19,Facebook,271
2030-01-20,TikTok,440
2030-01-21,LinkedIn,274
2030-01-22,Twitter,351
2030-01-23,Instagram,768
2030-01-24,Instagram,136
2030-01-25,TikTok,722
2030-01-26,Twitter,307
2030-01-27,Instagram,74
2030-01-28,LinkedIn,591
2030-01-29,LinkedIn,819
2030-01-30,Instagram,721
2030-01-31,Facebook,172
2030-02-01,Facebook,586
2030-02-02,Twitter,932
2030-02-03,Facebook,219
2030-02-04,Instagram,672
2030-02-05,TikTok,488
2030-02-06,TikTok,455
2030-02-07,Facebook,115
2030-02-08,Instagram,57
2030-02-09,Facebook,621
2030-02-10,Facebook,649
2030-02-11,Twitter,949
2030-02-12,LinkedIn,609
2030-02-13,Twitter,988
2030-02-14,TikTok,114
2030-02-15,LinkedIn,863
2030-02-16,TikTok,145
2030-02-17,LinkedIn,798
2030-02-18,Facebook,567
2030-02-19,Instagram,983
2030-02-20,Facebook,191
2030-02-21,Facebook,72
2030-02-22,Facebook,436
2030-02-23,Instagram,637
2030-02-24,Instagram,280
2030-02-25,Twitter,668
2030-02-26,TikTok,92
2030-02-27,Twitter,752
2030-02-28,TikTok,257
2030-03-01,Instagram,829
2030-03-02,TikTok,199
2030-03-03,TikTok,548
2030-03-04,Twitter,995
2030-03-05,Facebook,716
2030-03-06,Twitter,548
2030-03-07,LinkedIn,896
2030-03-08,LinkedIn,660
2030-03-09,Facebook,457
2030-03-10,LinkedIn,760
2030-03-11,Facebook,697
2030-03-12,Instagram,934
2030-03-13,LinkedIn,110
2030-03-14,LinkedIn,882
2030-03-15,Twitter,287
2030-03-16,TikTok,583
2030-03-17,TikTok,235
2030-03-18,LinkedIn,813
2030-03-19,LinkedIn,97
2030-03-20,LinkedIn,930
2030-03-21,Twitter,768
2030-03-22,Twitter,599
2030-03-23,Twitter,155
2030-03-24,TikTok,539
2030-03-25,Facebook,142
2030-03-26,TikTok,743
2030-03-27,LinkedIn,95
2030-03-28,TikTok,987
2030-03-29,Instagram,109
2030-03-30,LinkedIn,165
2030-03-31,Twitter,180
2030-04-01,Facebook,906
2030-04-02,LinkedIn,134
2030-04-03,Facebook,835
2030-04-04,TikTok,247
2030-04-05,LinkedIn,709
2030-04-06,TikTok,955
2030-04-07,Twitter,717
2030-04-08,Facebook,107
2030-04-09,Twitter,463
2030-04-10,LinkedIn,319
2030-04-11,LinkedIn,873
2030-04-12,Twitter,452
2030-04-13,TikTok,203
2030-04-14,TikTok,413
2030-04-15,TikTok,621
2030-04-16,Twitter,625
2030-04-17,Facebook,932
2030-04-18,TikTok,290
2030-04-19,Twitter,985
2030-04-20,LinkedIn,340
2030-04-21,LinkedIn,276
2030-04-22,TikTok,984
2030-04-23,Instagram,763
2030-04-24,Facebook,593
2030-04-25,Facebook,176
2030-04-26,Instagram,656
2030-04-27,Twitter,816
2030-04-28,Instagram,407
2030-04-29,LinkedIn,817
2030-04-30,LinkedIn,121
2030-05-01,Instagram,208
2030-05-02,TikTok,535
2030-05-03,Twitter,963
2030-05-04,LinkedIn,296
2030-05-05,LinkedIn,726
2030-05-06,LinkedIn,502
2030-05-07,Twitter,969
2030-05-08,TikTok,417
2030-05-09,LinkedIn,347
2030-05-10,LinkedIn,90
2030-05-11,Facebook,789
2030-05-12,Twitter,269
2030-05-13,Facebook,733
2030-05-14,LinkedIn,272
2030-05-15,Instagram,973
2030-05-16,Instagram,986
2030-05-17,Instagram,478
2030-05-18,LinkedIn,590
2030-05-19,LinkedIn,523
2030-05-20,Instagram,373
2030-05-21,Instagram,693
2030-05-22,Instagram,380
2030-05-23,Instagram,832
2030-05-24,TikTok,80
2030-05-25,TikTok,415
2030-05-26,Instagram,78
2030-05-27,Facebook,539
2030-05-28,LinkedIn,126
2030-05-29,Twitter,93
2030-05-30,Instagram,278
2030-05-31,TikTok,196
2030-06-01,Twitter,602
2030-06-02,TikTok,348
2030-06-03,TikTok,278
2030-06-04,Facebook,67
2030-06-05,Instagram,865
2030-06-06,Twitter,191
2030-06-07,Facebook,327
2030-06-08,LinkedIn,921
2030-06-09,LinkedIn,373
2030-06-10,Instagram,133
2030-06-11,LinkedIn,625
2030-06-12,Twitter,741
2030-06-13,LinkedIn,192
2030-06-14,Instagram,354
2030-06-15,LinkedIn,443
2030-06-16,Instagram,880
2030-06-17,Twitter,610
2030-06-18,TikTok,263
2030-06-19,Facebook,622
2030-06-20,TikTok,51
2030-06-21,LinkedIn,803
2030-06-22,Instagram,692
2030-06-23,Instagram,879
2030-06-24,Facebook,207
2030-06-25,LinkedIn,379
2030-06-26,Facebook,84
2030-06-27,Twitter,195
2030-06-28,Twitter,759
2030-06-29,Instagram,392
2030-06-30,Twitter,305
2030-07-01,Twitter,367
2030-07-02,Instagram,390
2030-07-03,LinkedIn,592
2030-07-04,TikTok,204
2030-07-05,LinkedIn,62
2030-07-06,Instagram,211
2030-07-07,Facebook,318
2030-07-08,Instagram,993
2030-07-09,Instagram,226
2030-07-10,LinkedIn,127
2030-07-11,Facebook,448
2030-07-12,Facebook,486
2030-07-13,Instagram,956
2030-07-14,Facebook,320
2030-07-15,LinkedIn,285
2030-07-16,Facebook,925
2030-07-17,LinkedIn,692
2030-07-18,Facebook,94
2030-07-19,TikTok,187
2030-07-20,Twitter,628
2030-07-21,Twitter,463
2030-07-22,LinkedIn,280
2030-07-23,Twitter,956
2030-07-24,LinkedIn,991
2030-07-25,Instagram,460
2030-07-26,Twitter,396
2030-07-27,TikTok,820
2030-07-28,TikTok,723
2030-07-29,Facebook,555
2030-07-30,TikTok,583
2030-07-31,LinkedIn,613
2030-08-01,Instagram,770
2030-08-02,LinkedIn,442
2030-08-03,LinkedIn,97
2030-08-04,Facebook,723
2030-08-05,LinkedIn,597
2030-08-06,LinkedIn,477
2030-08-07,LinkedIn,696
2030-08-08,Facebook,75
2030-08-09,Twitter,777
2030-08-10,Instagram,350
2030-08-11,Facebook,571
2030-08-12,Instagram,612
2030-08-13,Facebook,913
2030-08-14,LinkedIn,656
2030-08-15,Instagram,101
2030-08-16,Instagram,82
2030-08-17,Instagram,484
2030-08-18,Instagram,412
2030-08-19,LinkedIn,836
2030-08-20,Twitter,988
2030-08-21,TikTok,99
2030-08-22,LinkedIn,525
2030-08-23,Facebook,875
2030-08-24,Twitter,722
2030-08-25,Facebook,484
2030-08-26,LinkedIn,929
2030-08-27,TikTok,210
2030-08-28,Facebook,879
2030-08-29,Twitter,758
2030-08-30,LinkedIn,203
2030-08-31,TikTok,934
2030-09-01,Facebook,858
2030-09-02,Twitter,465
2030-09-03,LinkedIn,478
2030-09-04,Twitter,305
2030-09-05,Twitter,59
2030-09-06,Facebook,463
2030-09-07,Twitter,564
2030-09-08,Facebook,72
2030-09-09,TikTok,587
2030-09-10,LinkedIn,684
2030-09-11,TikTok,719
2030-09-12,LinkedIn,730
2030-09-13,TikTok,904
2030-09-14,TikTok,521
2030-09-15,Twitter,497
2030-09-16,LinkedIn,789
2030-09-17,Instagram,368
2030-09-18,Facebook,332
2030-09-19,LinkedIn,156
2030-09-20,Facebook,499
2030-09-21,Facebook,99
2030-09-22,LinkedIn,883
2030-09-23,Twitter,215
2030-09-24,LinkedIn,480
2030-09-25,Facebook,218
2030-09-26,Facebook,662
2030-09-27,LinkedIn,519
2030-09-28,Twitter,1000
2030-09-29,Twitter,699
2030-09-30,TikTok,198
2030-10-01,LinkedIn,894
2030-10-02,Twitter,795
2030-10-03,Instagram,350
2030-10-04,TikTok,904
2030-10-05,TikTok,334
2030-10-06,Twitter,138
2030-10-07,Twitter,723
2030-10-08,LinkedIn,675
2030-10-09,Twitter,783
2030-10-10,TikTok,832
2030-10-11,LinkedIn,278
2030-10-12,Twitter,513
2030-10-13,Facebook,556
2030-10-14,LinkedIn,262
2030-10-15,Instagram,653
2030-10-16,Facebook,808
2030-10-17,TikTok,757
2030-10-18,LinkedIn,364
2030-10-19,LinkedIn,619
2030-10-20,TikTok,494
2030-10-21,LinkedIn,970
2030-10-22,Facebook,933
2030-10-23,Twitter,391
2030-10-24,Instagram,385
2030-10-25,LinkedIn,446
2030-10-26,Instagram,530
2030-10-27,Facebook,308
2030-10-28,TikTok,454
2030-10-29,Twitter,224
2030-10-30,Instagram,376
2030-10-31,Twitter,91
2030-11-01,TikTok,822
2030-11-02,Instagram,858
2030-11-03,Instagram,841
2030-11-04,LinkedIn,880
2030-11-05,Facebook,570
2030-11-06,Instagram,185
2030-11-07,Facebook,629
2030-11-08,Instagram,378
2030-11-09,Facebook,168
2030-11-10,Facebook,699
2030-11-11,Facebook,948
2030-11-12,LinkedIn,299
2030-11-13,Facebook,287
2030-11-14,Instagram,611
2030-11-15,TikTok,694
2030-11-16,Instagram,56
2030-11-17,LinkedIn,492
2030-11-18,TikTok,505
2030-11-19,Instagram,74
2030-11-20,Instagram,466
2030-11-21,LinkedIn,939
2030-11-22,LinkedIn,252
2030-11-23,LinkedIn,141
2030-11-24,LinkedIn,83
2030-11-25,TikTok,679
2030-11-26,Instagram,783
2030-11-27,Twitter,704
2030-11-28,Instagram,930
2030-11-29,TikTok,937
2030-11-30,Facebook,211
2030-12-01,Facebook,870
2030-12-02,TikTok,867
2030-12-03,Instagram,401
2030-12-04,TikTok,162
2030-12-05,Instagram,544
2030-12-06,Facebook,720
2030-12-07,Twitter,81
2030-12-08,TikTok,996
2030-12-09,Twitter,968
2030-12-10,Twitter,404
2030-12-11,Twitter,684
2030-12-12,Facebook,898
2030-12-13,Twitter,588
2030-12-14,Instagram,366
2030-12-15,Twitter,494
2030-12-16,Twitter,876
2030-12-17,Instagram,856
2030-12-18,Facebook,861
2030-12-19,TikTok,474
2030-12-20,Twitter,277
2030-12-21,LinkedIn,366
2030-12-22,Twitter,88
2030-12-23,Facebook,112
2030-12-24,Facebook,702
2030-12-25,LinkedIn,180
2030-12-26,Instagram,671
2030-12-27,Facebook,560
2030-12-28,TikTok,376
2030-12-29,TikTok,53
2030-12-30,Facebook,120
2030-12-31,LinkedIn,701
2031-01-01,Twitter,599
2031-01-02,Facebook,482
2031-01-03,Facebook,239
2031-01-04,Twitter,146
2031-01-05,Instagram,371
2031-01-06,Instagram,990
2031-01-07,Twitter,439
2031-01-08,Instagram,470
2031-01-09,Facebook,378
2031-01-10,Twitter,507
2031-01-11,LinkedIn,181
2031-01-12,LinkedIn,223
2031-01-13,Twitter,207
2031-01-14,LinkedIn,916
2031-01-15,LinkedIn,220
2031-01-16,Twitter,369
2031-01-17,Instagram,153
2031-01-18,Instagram,110
2031-01-19,Twitter,181
2031-01-20,TikTok,442
2031-01-21,TikTok,405
2031-01-22,Facebook,758
2031-01-23,Facebook,847
2031-01-24,Facebook,559
2031-01-25,TikTok,446
2031-01-26,Twitter,483
2031-01-27,LinkedIn,555
2031-01-28,Facebook,546
2031-01-29,TikTok,91
2031-01-30,TikTok,337
2031-01-31,TikTok,762
2031-02-01,Twitter,591
2031-02-02,Instagram,413
2031-02-03,Instagram,150
2031-02-04,LinkedIn,745
2031-02-05,LinkedIn,72
2031-02-06,LinkedIn,352
2031-02-07,Twitter,467
2031-02-08,Twitter,571
2031-02-09,Twitter,759
2031-02-10,TikTok,874
2031-02-11,LinkedIn,557
2031-02-12,TikTok,219
2031-02-13,LinkedIn,716
2031-02-14,LinkedIn,923
2031-02-15,LinkedIn,838
2031-02-16,Facebook,668
2031-02-17,Facebook,259
2031-02-18,LinkedIn,172
2031-02-19,Facebook,607
2031-02-20,TikTok,382
2031-02-21,Twitter,641
2031-02-22,Instagram,663
2031-02-23,Twitter,146
2031-02-24,Twitter,228
2031-02-25,Facebook,487
2031-02-26,Instagram,994
2031-02-27,Twitter,264
2031-02-28,TikTok,641
2031-03-01,Twitter,813
2031-03-02,Facebook,251
2031-03-03,TikTok,402
2031-03-04,Facebook,531
2031-03-05,Instagram,140
2031-03-06,Instagram,170
2031-03-07,Twitter,704
2031-03-08,TikTok,595
2031-03-09,LinkedIn,973
2031-03-10,Facebook,439
2031-03-11,Instagram,223
2031-03-12,Instagram,616
2031-03-13,Instagram,752
2031-03-14,TikTok,827
2031-03-15,Facebook,58
2031-03-16,Twitter,747
2031-03-17,Facebook,899
2031-03-18,Instagram,774
2031-03-19,Facebook,972
2031-03-20,Twitter,87
2031-03-21,Instagram,723
2031-03-22,LinkedIn,755
2031-03-23,LinkedIn,449
2031-03-24,Instagram,874
2031-03-25,Facebook,203
2031-03-26,LinkedIn,615
2031-03-27,Facebook,55
2031-03-28,TikTok,508
2031-03-29,Facebook,784
2031-03-30,TikTok,209
2031-03-31,Facebook,135
2031-04-01,Facebook,556
2031-04-02,Facebook,968
2031-04-03,Facebook,782
2031-04-04,Instagram,510
2031-04-05,Instagram,932
2031-04-06,Twitter,618
2031-04-07,LinkedIn,528
2031-04-08,Instagram,528
2031-04-09,LinkedIn,815
2031-04-10,Instagram,842
2031-04-11,LinkedIn,406
2031-04-12,Instagram,987
2031-04-13,Twitter,817
2031-04-14,Facebook,982
2031-04-15,TikTok,785
2031-04-16,TikTok,489
2031-04-17,Twitter,615
2031-04-18,LinkedIn,654
2031-04-19,LinkedIn,130
2031-04-20,Instagram,110
2031-04-21,TikTok,111
2031-04-22,Instagram,440
2031-04-23,Twitter,688
2031-04-24,LinkedIn,846
2031-04-25,TikTok,234
2031-04-26,Twitter,478
2031-04-27,Instagram,427
2031-04-28,Facebook,472
2031-04-29,Instagram,758
2031-04-30,LinkedIn,161
2031-05-01,TikTok,392
2031-05-02,LinkedIn,93
2031-05-03,TikTok,264
2031-05-04,LinkedIn,582
2031-05-05,TikTok,967
2031-05-06,LinkedIn,199
2031-05-07,TikTok,282
2031-05-08,Instagram,695
2031-05-09,Facebook,597
2031-05-10,Facebook,707
2031-05-11,Instagram,242
2031-05-12,Instagram,961
2031-05-13,TikTok,92
2031-05-14,Instagram,128
2031-05-15,Instagram,259
2031-05-16,Twitter,434
2031-05-17,TikTok,86
2031-05-18,TikTok,245
2031-05-19,Instagram,164
2031-05-20,Instagram,343
2031-05-21,Facebook,239
2031-05-22,Facebook,278
2031-05-23,TikTok,923
2031-05-24,Instagram,751
2031-05-25,LinkedIn,247
2031-05-26,Facebook,992
2031-05-27,TikTok,696
2031-05-28,Twitter,896
2031-05-29,Instagram,916
2031-05-30,Facebook,764
2031-05-31,TikTok,719
2031-06-01,Twitter,855
2031-06-02,Facebook,603
2031-06-03,TikTok,375
2031-06-04,Instagram,893
2031-06-05,Facebook,990
2031-06-06,TikTok,194
2031-06-07,Facebook,827
2031-06-08,Twitter,624
2031-06-09,Facebook,132
2031-06-10,Twitter,662
2031-06-11,Twitter,790
2031-06-12,LinkedIn,843
2031-06-13,Instagram,295
2031-06-14,Twitter,199
2031-06-15,Facebook,620
2031-06-16,Instagram,800
2031-06-17,Facebook,254
2031-06-18,TikTok,611
2031-06-19,LinkedIn,891
2031-06-20,Facebook,466
2031-06-21,Facebook,832
2031-06-22,TikTok,226
2031-06-23,LinkedIn,361
2031-06-24,TikTok,376
2031-06-25,TikTok,430
2031-06-26,Twitter,898
2031-06-27,Twitter,293
2031-06-28,Twitter,965
2031-06-29,LinkedIn,948
2031-06-30,LinkedIn,73
2031-07-01,Twitter,651
2031-07-02,Twitter,861
2031-07-03,Instagram,973
2031-07-04,TikTok,617
2031-07-05,LinkedIn,630
2031-07-06,TikTok,74
2031-07-07,Twitter,407
2031-07-08,LinkedIn,79
2031-07-09,Facebook,168
2031-07-10,Instagram,364
2031-07-11,Facebook,139
2031-07-12,LinkedIn,398
2031-07-13,Instagram,99
2031-07-14,Twitter,679
2031-07-15,Instagram,347
2031-07-16,Twitter,109
2031-07-17,LinkedIn,576
2031-07-18,LinkedIn,211
2031-07-19,Facebook,180
2031-07-20,Instagram,446
2031-07-21,Facebook,752
2031-07-22,Facebook,935
2031-07-23,Twitter,248
2031-07-24,Twitter,923
2031-07-25,Facebook,375
2031-07-26,TikTok,881
2031-07-27,Instagram,788
2031-07-28,Instagram,116
2031-07-29,LinkedIn,232
2031-07-30,LinkedIn,808
2031-07-31,TikTok,467
2031-08-01,Instagram,175
2031-08-02,Twitter,638
2031-08-03,LinkedIn,203
2031-08-04,Twitter,650
2031-08-05,LinkedIn,475
2031-08-06,Instagram,126
2031-08-07,Instagram,952
2031-08-08,Instagram,415
2031-08-09,LinkedIn,464
2031-08-10,Twitter,791
2031-08-11,TikTok,258
2031-08-12,Facebook,722
2031-08-13,LinkedIn,147
2031-08-14,Twitter,812
2031-08-15,Instagram,569
2031-08-16,Twitter,382
2031-08-17,TikTok,552
2031-08-18,LinkedIn,832
2031-08-19,TikTok,382
2031-08-20,TikTok,751
2031-08-21,Facebook,205
2031-08-22,Instagram,284
2031-08-23,Facebook,429
2031-08-24,Facebook,359
2031-08-25,Instagram,961
2031-08-26,LinkedIn,972
2031-08-27,Instagram,524
2031-08-28,LinkedIn,240
2031-08-29,TikTok,417
2031-08-30,Twitter,589
2031-08-31,TikTok,939
2031-09-01,LinkedIn,408
2031-09-02,LinkedIn,713
2031-09-03,Twitter,859
2031-09-04,LinkedIn,821
2031-09-05,TikTok,835
2031-09-06,Twitter,401
2031-09-07,TikTok,454
2031-09-08,LinkedIn,809
2031-09-09,TikTok,261
2031-09-10,LinkedIn,257
2031-09-11,TikTok,529
2031-09-12,Facebook,708
2031-09-13,TikTok,470
2031-09-14,Twitter,745
2031-09-15,TikTok,497
2031-09-16,LinkedIn,554
2031-09-17,TikTok,372
2031-09-18,Instagram,965
2031-09-19,Facebook,787
2031-09-20,Twitter,636
2031-09-21,Twitter,543
2031-09-22,Facebook,891
2031-09-23,Twitter,202
2031-09-24,TikTok,194
2031-09-25,TikTok,940
2031-09-26,Facebook,374
2031-09-27,Twitter,216
2031-09-28,Twitter,933
2031-09-29,Twitter,391
2031-09-30,LinkedIn,309
2031-10-01,Facebook,967
2031-10-02,Instagram,759
2031-10-03,Instagram,596
2031-10-04,Twitter,667
2031-10-05,LinkedIn,402
2031-10-06,Twitter,384
2031-10-07,Instagram,67
2031-10-08,Instagram,838
2031-10-09,Instagram,290
2031-10-10,Facebook,370
2031-10-11,TikTok,334
2031-10-12,LinkedIn,339
2031-10-13,LinkedIn,236
2031-10-14,Twitter,990
2031-10-15,LinkedIn,531
2031-10-16,Twitter,66
2031-10-17,Facebook,995
2031-10-18,Twitter,492
2031-10-19,TikTok,84
2031-10-20,TikTok,80
2031-10-21,Facebook,383
2031-10-22,Facebook,850
2031-10-23,Twitter,482
2031-10-24,Twitter,414
2031-10-25,Facebook,833
2031-10-26,LinkedIn,829
2031-10-27,LinkedIn,1000
2031-10-28,LinkedIn,810
2031-10-29,LinkedIn,891
2031-10-30,TikTok,462
2031-10-31,LinkedIn,193
2031-11-01,TikTok,800
2031-11-02,Facebook,997
2031-11-03,TikTok,353
2031-11-04,LinkedIn,801
2031-11-05,LinkedIn,930
2031-11-06,Twitter,797
2031-11-07,LinkedIn,796
2031-11-08,Facebook,529
2031-11-09,TikTok,554
2031-11-10,TikTok,421
2031-11-11,Twitter,814
2031-11-12,Twitter,770
2031-11-13,Twitter,576
2031-11-14,Facebook,524
2031-11-15,TikTok,630
2031-11-16,Facebook,799
2031-11-17,Twitter,666
2031-11-18,Facebook,626
2031-11-19,Instagram,322
2031-11-20,TikTok,753
2031-11-21,Facebook,587
2031-11-22,Facebook,177
2031-11-23,TikTok,760
2031-11-24,Facebook,254
2031-11-25,Facebook,716
2031-11-26,Instagram,961
2031-11-27,TikTok,868
2031-11-28,Instagram,958
2031-11-29,LinkedIn,321
2031-11-30,TikTok,51
2031-12-01,Twitter,698
2031-12-02,Twitter,753
2031-12-03,Facebook,611
2031-12-04,TikTok,519
2031-12-05,TikTok,62
2031-12-06,LinkedIn,229
2031-12-07,Instagram,961
2031-12-08,Instagram,772
2031-12-09,TikTok,511
2031-12-10,LinkedIn,725
2031-12-11,Facebook,561
2031-12-12,TikTok,749
2031-12-13,TikTok,245
2031-12-14,Instagram,309
2031-12-15,Twitter,263
2031-12-16,Twitter,350
2031-12-17,LinkedIn,780
2031-12-18,LinkedIn,878
2031-12-19,Facebook,880
2031-12-20,Twitter,446
2031-12-21,TikTok,799
2031-12-22,LinkedIn,888
2031-12-23,Instagram,629
2031-12-24,Twitter,512
2031-12-25,TikTok,336
2031-12-26,Facebook,50
2031-12-27,Instagram,736
2031-12-28,Instagram,477
2031-12-29,TikTok,289
2031-12-30,LinkedIn,915
2031-12-31,LinkedIn,650
2032-01-01,TikTok,512
2032-01-02,Twitter,921
2032-01-03,Instagram,693
2032-01-04,TikTok,776
2032-01-05,TikTok,567
2032-01-06,LinkedIn,216
2032-01-07,TikTok,156
2032-01-08,Twitter,197
2032-01-09,Instagram,541
2032-01-10,Twitter,639
2032-01-11,Instagram,363
2032-01-12,TikTok,419
2032-01-13,TikTok,177
2032-01-14,TikTok,328
2032-01-15,LinkedIn,332
2032-01-16,Facebook,820
2032-01-17,LinkedIn,947
2032-01-18,LinkedIn,112
2032-01-19,Facebook,258
2032-01-20,Instagram,884
2032-01-21,Facebook,575
2032-01-22,Facebook,90
2032-01-23,LinkedIn,200
2032-01-24,Facebook,473
2032-01-25,Instagram,603
2032-01-26,TikTok,703
2032-01-27,Instagram,853
2032-01-28,Instagram,508
2032-01-29,Instagram,716
2032-01-30,LinkedIn,404
2032-01-31,Facebook,484
2032-02-01,Instagram,755
2032-02-02,TikTok,583
2032-02-03,TikTok,593
2032-02-04,Facebook,410
2032-02-05,TikTok,893
2032-02-06,Twitter,120
2032-02-07,Facebook,905
2032-02-08,Facebook,205
2032-02-09,TikTok,806
2032-02-10,LinkedIn,153
2032-02-11,LinkedIn,421
2032-02-12,Instagram,766
2032-02-13,Facebook,475
2032-02-14,Instagram,827
2032-02-15,Facebook,115
2032-02-16,TikTok,293
2032-02-17,Twitter,438
2032-02-18,Facebook,787
2032-02-19,Instagram,133
2032-02-20,LinkedIn,293
2032-02-21,Twitter,844
2032-02-22,TikTok,129
2032-02-23,Facebook,887
2032-02-24,LinkedIn,970
2032-02-25,TikTok,924
2032-02-26,Facebook,858
2032-02-27,Twitter,835
2032-02-28,TikTok,976
2032-02-29,LinkedIn,664
2032-03-01,LinkedIn,564
2032-03-02,Twitter,162
2032-03-03,TikTok,462
2032-03-04,LinkedIn,651
2032-03-05,Twitter,568
2032-03-06,LinkedIn,797
2032-03-07,Instagram,909
2032-03-08,LinkedIn,496
2032-03-09,Facebook,295
2032-03-10,Instagram,283
2032-03-11,Twitter,137
2032-03-12,Twitter,131
2032-03-13,LinkedIn,322
2032-03-14,LinkedIn,153
2032-03-15,Instagram,722
2032-03-16,Twitter,163
2032-03-17,TikTok,262
2032-03-18,Twitter,499
